message,emotion
i finally passed the exam i was so stressed about,"joy
 (e.g., lecturer ended class 30 minutes-early blessing!.)"
alhamdulillah i finally got an a for my project im so happy,"joy
 (e.g., lecturer ended class 30 minutes-early blessing!.)"
tomarrows lecture cancel,"joy
 (e.g., lecturer ended class 30 minutes-early blessing!.)"
i am so excited,"joy
 (e.g., lecturer ended class 30 minutes-early blessing!.)"
im so happy today i passed all my subjects in the exam,"joy
 (e.g., lecturer ended class 30 minutes-early blessing!.)"
heyyyyyyyyyyyy,"joy
 (e.g., lecturer ended class 30 minutes-early blessing!.)"
i pass the exam,"joy
 (e.g., lecturer ended class 30 minutes-early blessing!.)"
i have just finished a book i feel so good,"joy
 (e.g., lecturer ended class 30 minutes-early blessing!.)"
how are you,"joy
 (e.g., lecturer ended class 30 minutes-early blessing!.)"
just had a surprise lunch with my best friends after months apart laughed nonstop and made the best memories my heart is so full,"joy
 (e.g., lecturer ended class 30 minutes-early blessing!.)"
i did really well in my presentation im so happy,"joy
 (e.g., lecturer ended class 30 minutes-early blessing!.)"
happy,"joy
 (e.g., lecturer ended class 30 minutes-early blessing!.)"
im so happy todayeverything feels just right,"joy
 (e.g., lecturer ended class 30 minutes-early blessing!.)"
im happy to see you,"joy
 (e.g., lecturer ended class 30 minutes-early blessing!.)"
pass the semester exam,"joy
 (e.g., lecturer ended class 30 minutes-early blessing!.)"
happy,"joy
 (e.g., lecturer ended class 30 minutes-early blessing!.)"
everything feels light and positive today im genuinely enjoying every moment,"joy
 (e.g., lecturer ended class 30 minutes-early blessing!.)"
thinking about my lover fills my heart with joy,"joy
 (e.g., lecturer ended class 30 minutes-early blessing!.)"
i have pass the exam,"joy
 (e.g., lecturer ended class 30 minutes-early blessing!.)"
there is a dj tonight at the university,"joy
 (e.g., lecturer ended class 30 minutes-early blessing!.)"
when my bike has a full tank of petrol,"joy
 (e.g., lecturer ended class 30 minutes-early blessing!.)"
im happy,"joy
 (e.g., lecturer ended class 30 minutes-early blessing!.)"
when we have a vacation,"joy
 (e.g., lecturer ended class 30 minutes-early blessing!.)"
i am feeling joy,"joy
 (e.g., lecturer ended class 30 minutes-early blessing!.)"
im so happy everything feels perfectand i cant stop smilinglife is beautiful,"joy
 (e.g., lecturer ended class 30 minutes-early blessing!.)"
the next book of my favourite book series gets published,"joy
 (e.g., lecturer ended class 30 minutes-early blessing!.)"
im feeling absolutely wonderful today,"joy
 (e.g., lecturer ended class 30 minutes-early blessing!.)"
i have got selected for a course of study,"joy
 (e.g., lecturer ended class 30 minutes-early blessing!.)"
all praise be to to almighty,"joy
 (e.g., lecturer ended class 30 minutes-early blessing!.)"
with my friends,"joy
 (e.g., lecturer ended class 30 minutes-early blessing!.)"
be happy always,"joy
 (e.g., lecturer ended class 30 minutes-early blessing!.)"
when i visit foreign,"joy
 (e.g., lecturer ended class 30 minutes-early blessing!.)"
im talking with my favourite person,"joy
 (e.g., lecturer ended class 30 minutes-early blessing!.)"
every thing is very well,"joy
 (e.g., lecturer ended class 30 minutes-early blessing!.)"
i am watching cricket,"joy
 (e.g., lecturer ended class 30 minutes-early blessing!.)"
with my family,"joy
 (e.g., lecturer ended class 30 minutes-early blessing!.)"
i received a surprise birthday gift from my loved ones,"joy
 (e.g., lecturer ended class 30 minutes-early blessing!.)"
today i had a great time with my best friend,"joy
 (e.g., lecturer ended class 30 minutes-early blessing!.)"
all praise be to god,"joy
 (e.g., lecturer ended class 30 minutes-early blessing!.)"
im feeling so incredibly happy right now everything just feels right and i cant stop smiling today is truly a good day,"joy
 (e.g., lecturer ended class 30 minutes-early blessing!.)"
i am in happy mood today,"joy
 (e.g., lecturer ended class 30 minutes-early blessing!.)"
im feeling so happy right now,"joy
 (e.g., lecturer ended class 30 minutes-early blessing!.)"
im feeling so happy today everything just feels bright and full of possibilities grateful for the little things that bring big smiles,"joy
 (e.g., lecturer ended class 30 minutes-early blessing!.)"
when someone says they love my character,"joy
 (e.g., lecturer ended class 30 minutes-early blessing!.)"
i am going on a trip next week,"joy
 (e.g., lecturer ended class 30 minutes-early blessing!.)"
i feel incredibly happy today alhamdhulilllahh,"joy
 (e.g., lecturer ended class 30 minutes-early blessing!.)"
just booked my dream trip so excited,"joy
 (e.g., lecturer ended class 30 minutes-early blessing!.)"
today feels amazing im just overflowing with happiness and gratitude,"joy
 (e.g., lecturer ended class 30 minutes-early blessing!.)"
im so happy right now i cant stop smiling,"joy
 (e.g., lecturer ended class 30 minutes-early blessing!.)"
when seeing life partner,"joy
 (e.g., lecturer ended class 30 minutes-early blessing!.)"
im so excited,"joy
 (e.g., lecturer ended class 30 minutes-early blessing!.)"
my friend found a good partner,"joy
 (e.g., lecturer ended class 30 minutes-early blessing!.)"
hehe,"joy
 (e.g., lecturer ended class 30 minutes-early blessing!.)"
i met my boyfriend after one year and i felt very happy,"joy
 (e.g., lecturer ended class 30 minutes-early blessing!.)"
waw,"joy
 (e.g., lecturer ended class 30 minutes-early blessing!.)"
university life is over i am so happy,"joy
 (e.g., lecturer ended class 30 minutes-early blessing!.)"
i am selected for a foreign university,"joy
 (e.g., lecturer ended class 30 minutes-early blessing!.)"
yaaaayyyyy im super excited,"joy
 (e.g., lecturer ended class 30 minutes-early blessing!.)"
im so happy to let you know that ive passed all the subjects and im eligible to writer the next semester exams i dont even remember how i managed to answer all those questions,"joy
 (e.g., lecturer ended class 30 minutes-early blessing!.)"
had soo much fun much needed,"joy
 (e.g., lecturer ended class 30 minutes-early blessing!.)"
enjoy,"joy
 (e.g., lecturer ended class 30 minutes-early blessing!.)"
i just got my results and i passed with flying colors im so happy and relieved right now,"joy
 (e.g., lecturer ended class 30 minutes-early blessing!.)"
hurray,"joy
 (e.g., lecturer ended class 30 minutes-early blessing!.)"
hey dude you did your best,"joy
 (e.g., lecturer ended class 30 minutes-early blessing!.)"
that made may day,"joy
 (e.g., lecturer ended class 30 minutes-early blessing!.)"
when we having a good which is our favorite,"joy
 (e.g., lecturer ended class 30 minutes-early blessing!.)"
i finally finished my assignment before the deadline feeling so happy and relieved,"joy
 (e.g., lecturer ended class 30 minutes-early blessing!.)"
when i arrange to go on atrip,"joy
 (e.g., lecturer ended class 30 minutes-early blessing!.)"
im feeling really happy today everything just feels good,"joy
 (e.g., lecturer ended class 30 minutes-early blessing!.)"
just feeling really happy right nowhad to say it hope youre having a good day too,"joy
 (e.g., lecturer ended class 30 minutes-early blessing!.)"
feeling really happy todayjust one of those good days where everything feels right,"joy
 (e.g., lecturer ended class 30 minutes-early blessing!.)"
alhamdulillah,"joy
 (e.g., lecturer ended class 30 minutes-early blessing!.)"
hey whats up,"joy
 (e.g., lecturer ended class 30 minutes-early blessing!.)"
im very lucky to have you in my life,"joy
 (e.g., lecturer ended class 30 minutes-early blessing!.)"
chilll brooo,"joy
 (e.g., lecturer ended class 30 minutes-early blessing!.)"
i am fine,"joy
 (e.g., lecturer ended class 30 minutes-early blessing!.)"
i have selected for 4th year special honors degree,"joy
 (e.g., lecturer ended class 30 minutes-early blessing!.)"
when my friends suddenly come to my house,"joy
 (e.g., lecturer ended class 30 minutes-early blessing!.)"
university trip,"joy
 (e.g., lecturer ended class 30 minutes-early blessing!.)"
im feeling so happy right now everything is going well and i just cant stop smiling,"joy
 (e.g., lecturer ended class 30 minutes-early blessing!.)"
when i get a credit from my favourite person,"joy
 (e.g., lecturer ended class 30 minutes-early blessing!.)"
im feeling absolutely amazing today everything just feels right and im so grateful for the little moments that bring so much happiness smiling nonstop and sending good vibes your way,"joy
 (e.g., lecturer ended class 30 minutes-early blessing!.)"
i am happy,"joy
 (e.g., lecturer ended class 30 minutes-early blessing!.)"
im going home,"joy
 (e.g., lecturer ended class 30 minutes-early blessing!.)"
i achieved the goal which i prayed for,"joy
 (e.g., lecturer ended class 30 minutes-early blessing!.)"
i am very happy,"joy
 (e.g., lecturer ended class 30 minutes-early blessing!.)"
i am very happy to sharing this information with you,"joy
 (e.g., lecturer ended class 30 minutes-early blessing!.)"
tomorrow l will go to the trip,"joy
 (e.g., lecturer ended class 30 minutes-early blessing!.)"
going on a trip,"joy
 (e.g., lecturer ended class 30 minutes-early blessing!.)"
im so happy,"joy
 (e.g., lecturer ended class 30 minutes-early blessing!.)"
returning home from hostel,"joy
 (e.g., lecturer ended class 30 minutes-early blessing!.)"
i was successed in my career,"joy
 (e.g., lecturer ended class 30 minutes-early blessing!.)"
i feel excited for today,"joy
 (e.g., lecturer ended class 30 minutes-early blessing!.)"
i got best results in exam,"joy
 (e.g., lecturer ended class 30 minutes-early blessing!.)"
when i met my friends yesterday unexpectedly,"joy
 (e.g., lecturer ended class 30 minutes-early blessing!.)"
when talking to god and parents,"joy
 (e.g., lecturer ended class 30 minutes-early blessing!.)"
everything just seems to be going right,"joy
 (e.g., lecturer ended class 30 minutes-early blessing!.)"
i was happy when i understood a tough concept in statistics practical after struggling with it for days,"joy
 (e.g., lecturer ended class 30 minutes-early blessing!.)"
i felt joy when i saw my name on the deans list after the semester results were released,"joy
 (e.g., lecturer ended class 30 minutes-early blessing!.)"
iam so happy,"joy
 (e.g., lecturer ended class 30 minutes-early blessing!.)"
i have passed in all examinations,"joy
 (e.g., lecturer ended class 30 minutes-early blessing!.)"
i am going home,"joy
 (e.g., lecturer ended class 30 minutes-early blessing!.)"
i am excited,"joy
 (e.g., lecturer ended class 30 minutes-early blessing!.)"
i feel happy when i play with my nephew,"joy
 (e.g., lecturer ended class 30 minutes-early blessing!.)"
got selected for the university badminton team,"joy
 (e.g., lecturer ended class 30 minutes-early blessing!.)"
got good result in semester exam,"joy
 (e.g., lecturer ended class 30 minutes-early blessing!.)"
won the interfaculty football match,"joy
 (e.g., lecturer ended class 30 minutes-early blessing!.)"
she replied haha instead of ignoring me,"joy
 (e.g., lecturer ended class 30 minutes-early blessing!.)"
got free lunch from senior today,"joy
 (e.g., lecturer ended class 30 minutes-early blessing!.)"
got my first internship offer today,"joy
 (e.g., lecturer ended class 30 minutes-early blessing!.)"
good day,"joy
 (e.g., lecturer ended class 30 minutes-early blessing!.)"
top rank in class this semester all that grinding paid off,"joy
 (e.g., lecturer ended class 30 minutes-early blessing!.)"
scored the winning goal today felt amazing,"joy
 (e.g., lecturer ended class 30 minutes-early blessing!.)"
just got my dream job lets goooo,"joy
 (e.g., lecturer ended class 30 minutes-early blessing!.)"
finally bought my first bike cant stop smiling,"joy
 (e.g., lecturer ended class 30 minutes-early blessing!.)"
had the most perfect day with my favorite people,"joy
 (e.g., lecturer ended class 30 minutes-early blessing!.)"
i scored a goal in todays match,"joy
 (e.g., lecturer ended class 30 minutes-early blessing!.)"
i finally submitted that assignment earlyfeeling so accomplished,"joy
 (e.g., lecturer ended class 30 minutes-early blessing!.)"
guess who aced the midterm me,"joy
 (e.g., lecturer ended class 30 minutes-early blessing!.)"
im looking great today,"joy
 (e.g., lecturer ended class 30 minutes-early blessing!.)"
group project actually went well miracles happen,"joy
 (e.g., lecturer ended class 30 minutes-early blessing!.)"
got my internship offer todayim so hyped,"joy
 (e.g., lecturer ended class 30 minutes-early blessing!.)"
coffee friends no lectures perfect day,"joy
 (e.g., lecturer ended class 30 minutes-early blessing!.)"
just got tickets to my dream concert,"joy
 (e.g., lecturer ended class 30 minutes-early blessing!.)"
all lectures cancelled today i feel free,"joy
 (e.g., lecturer ended class 30 minutes-early blessing!.)"
got great feedback from my professormade my day,"joy
 (e.g., lecturer ended class 30 minutes-early blessing!.)"
had the best study session ever felt so productive,"joy
 (e.g., lecturer ended class 30 minutes-early blessing!.)"
i got the admission to my dream university,"joy
 (e.g., lecturer ended class 30 minutes-early blessing!.)"
my presentation rocked and im still buzzing,"joy
 (e.g., lecturer ended class 30 minutes-early blessing!.)"
just vibing in the library with good music and no stress,"joy
 (e.g., lecturer ended class 30 minutes-early blessing!.)"
laughed so hard today i forgot all my worries,"joy
 (e.g., lecturer ended class 30 minutes-early blessing!.)"
today was a perfect mix of laughter and sunshine,"joy
 (e.g., lecturer ended class 30 minutes-early blessing!.)"
made someone smile today and it made my day too,"joy
 (e.g., lecturer ended class 30 minutes-early blessing!.)"
finally finished a tough taskso proud of myself,"joy
 (e.g., lecturer ended class 30 minutes-early blessing!.)"
nothing beats that warm cozy feeling after a good meal,"joy
 (e.g., lecturer ended class 30 minutes-early blessing!.)"
got a surprise compliment that totally made me blush,"joy
 (e.g., lecturer ended class 30 minutes-early blessing!.)"
that made me smile,"joy
 (e.g., lecturer ended class 30 minutes-early blessing!.)"
today was a great day,"joy
 (e.g., lecturer ended class 30 minutes-early blessing!.)"
i am proud of what i did,"joy
 (e.g., lecturer ended class 30 minutes-early blessing!.)"
i am excited for the weekend,"joy
 (e.g., lecturer ended class 30 minutes-early blessing!.)"
successfully completed my diploma,"joy
 (e.g., lecturer ended class 30 minutes-early blessing!.)"
bought a new car,"joy
 (e.g., lecturer ended class 30 minutes-early blessing!.)"
weekend trip with the boys confirmed time to chill,"joy
 (e.g., lecturer ended class 30 minutes-early blessing!.)"
guess who aced the coding test this guy right here,"joy
 (e.g., lecturer ended class 30 minutes-early blessing!.)"
guess who aced the coding test this guy right here,"joy
 (e.g., lecturer ended class 30 minutes-early blessing!.)"
mom sent homemade biriyani to the hostel,"joy
 (e.g., lecturer ended class 30 minutes-early blessing!.)"
i finally got the grade i was hoping forso relieved,"joy
 (e.g., lecturer ended class 30 minutes-early blessing!.)"
lecturer ended class 30 minutes early blessing,"joy
 (e.g., lecturer ended class 30 minutes-early blessing!.)"
that referee was totally biased we deserved to win,"joy
 (e.g., lecturer ended class 30 minutes-early blessing!.)"
met some amazing people at the club fair today,"joy
 (e.g., lecturer ended class 30 minutes-early blessing!.)"
bro i finally nailed that penalty shotfelt like a pro out there,"joy
 (e.g., lecturer ended class 30 minutes-early blessing!.)"
all praise be to almighty,"joy
 (e.g., lecturer ended class 30 minutes-early blessing!.)"
i didnt do well on the assignment,"sadness  
 (e.g., missed the scholarship by just 1 mark.)"
ive been crying alone in my room nothing seems to be going right,"sadness  
 (e.g., missed the scholarship by just 1 mark.)"
i am just tired of everything lately,"sadness  
 (e.g., missed the scholarship by just 1 mark.)"
feeling low today,"sadness  
 (e.g., missed the scholarship by just 1 mark.)"
i didnt do well on my test feeling really low right now,"sadness  
 (e.g., missed the scholarship by just 1 mark.)"
ok noted,"sadness  
 (e.g., missed the scholarship by just 1 mark.)"
someone not understand me,"sadness  
 (e.g., missed the scholarship by just 1 mark.)"
today i dont really feel myself today i feel empty,"sadness  
 (e.g., missed the scholarship by just 1 mark.)"
what are doing,"sadness  
 (e.g., missed the scholarship by just 1 mark.)"
feeling really low today some days just weigh heavier than others trying to hold on and breathe through it,"sadness  
 (e.g., missed the scholarship by just 1 mark.)"
i passed but my marks were lower than i hoped,"sadness  
 (e.g., missed the scholarship by just 1 mark.)"
miss you,"sadness  
 (e.g., missed the scholarship by just 1 mark.)"
feeling really low today,"sadness  
 (e.g., missed the scholarship by just 1 mark.)"
i feel alone without you,"sadness  
 (e.g., missed the scholarship by just 1 mark.)"
breakup,"sadness  
 (e.g., missed the scholarship by just 1 mark.)"
sad,"sadness  
 (e.g., missed the scholarship by just 1 mark.)"
feeling really down today nothing seems to be going right and i just feel emotionally drained,"sadness  
 (e.g., missed the scholarship by just 1 mark.)"
my heart feels heavy whenever i think about my lover,"sadness  
 (e.g., missed the scholarship by just 1 mark.)"
i have repeated in the exam,"sadness  
 (e.g., missed the scholarship by just 1 mark.)"
my current gpa is less than 3,"sadness  
 (e.g., missed the scholarship by just 1 mark.)"
rules,"sadness  
 (e.g., missed the scholarship by just 1 mark.)"
i do not have a mind to everything,"sadness  
 (e.g., missed the scholarship by just 1 mark.)"
next will be an exam,"sadness  
 (e.g., missed the scholarship by just 1 mark.)"
i am feeling sad,"sadness  
 (e.g., missed the scholarship by just 1 mark.)"
i just feel really lowits like theres a cloud over me and i cant shake it off,"sadness  
 (e.g., missed the scholarship by just 1 mark.)"
when my favourite book character dies,"sadness  
 (e.g., missed the scholarship by just 1 mark.)"
im feeling really down right now,"sadness  
 (e.g., missed the scholarship by just 1 mark.)"
my purse was missed by me,"sadness  
 (e.g., missed the scholarship by just 1 mark.)"
its okay im used to it,"sadness  
 (e.g., missed the scholarship by just 1 mark.)"
scolding from parents,"sadness  
 (e.g., missed the scholarship by just 1 mark.)"
every sad situation brings you a big strength,"sadness  
 (e.g., missed the scholarship by just 1 mark.)"
iam not selected the interview,"sadness  
 (e.g., missed the scholarship by just 1 mark.)"
im not pass the exam,"sadness  
 (e.g., missed the scholarship by just 1 mark.)"
i lost my money pawvch,"sadness  
 (e.g., missed the scholarship by just 1 mark.)"
tomorrow is exam day,"sadness  
 (e.g., missed the scholarship by just 1 mark.)"
be alone,"sadness  
 (e.g., missed the scholarship by just 1 mark.)"
my best friend moved to another city,"sadness  
 (e.g., missed the scholarship by just 1 mark.)"
i studied very hard eventhough i got low result,"sadness  
 (e.g., missed the scholarship by just 1 mark.)"
why cant i do this,"sadness  
 (e.g., missed the scholarship by just 1 mark.)"
im feeling really down today its like a heavy cloud is hanging over me and i just cant seem to shake it off i hope tomorrow feels a little lighter,"sadness  
 (e.g., missed the scholarship by just 1 mark.)"
i have a problem,"sadness  
 (e.g., missed the scholarship by just 1 mark.)"
my heart feels heavy,"sadness  
 (e.g., missed the scholarship by just 1 mark.)"
feeling a bit down today sometimes things just dont go as hoped and its hard to shake the heaviness hoping for brighter moments soon,"sadness  
 (e.g., missed the scholarship by just 1 mark.)"
the message which says that we have lectures on weekends as well,"sadness  
 (e.g., missed the scholarship by just 1 mark.)"
i failed a subject in the last exam,"sadness  
 (e.g., missed the scholarship by just 1 mark.)"
its not my day feel so down today insha allah hope to get on my track,"sadness  
 (e.g., missed the scholarship by just 1 mark.)"
its really hard to understand lectures in english i feel lost and frustrated,"sadness  
 (e.g., missed the scholarship by just 1 mark.)"
im feeling really down today its one of those moments where everything just feels heavy,"sadness  
 (e.g., missed the scholarship by just 1 mark.)"
i feel like im crying,"sadness  
 (e.g., missed the scholarship by just 1 mark.)"
if someone saying they are living sad,"sadness  
 (e.g., missed the scholarship by just 1 mark.)"
i cant stop crying,"sadness  
 (e.g., missed the scholarship by just 1 mark.)"
genocides on gaza people,"sadness  
 (e.g., missed the scholarship by just 1 mark.)"
so sad,"sadness  
 (e.g., missed the scholarship by just 1 mark.)"
my boyfriend will return from abroad within 1 week i feel very sad,"sadness  
 (e.g., missed the scholarship by just 1 mark.)"
hmm,"sadness  
 (e.g., missed the scholarship by just 1 mark.)"
i feel lost everything in my life,"sadness  
 (e.g., missed the scholarship by just 1 mark.)"
i tried my best but i got fail,"sadness  
 (e.g., missed the scholarship by just 1 mark.)"
huh im alright,"sadness  
 (e.g., missed the scholarship by just 1 mark.)"
the pain i go through cannot be expressed in mere words i feel like im falling into an abyss while something heavy tugs at my heart,"sadness  
 (e.g., missed the scholarship by just 1 mark.)"
may be it was because of the way i handled it,"sadness  
 (e.g., missed the scholarship by just 1 mark.)"
im not feel good,"sadness  
 (e.g., missed the scholarship by just 1 mark.)"
i tried my best but things didnt go the way i hoped feeling really down today,"sadness  
 (e.g., missed the scholarship by just 1 mark.)"
you have changed a lot,"sadness  
 (e.g., missed the scholarship by just 1 mark.)"
i miss those moments,"sadness  
 (e.g., missed the scholarship by just 1 mark.)"
when we miss a closest person in life,"sadness  
 (e.g., missed the scholarship by just 1 mark.)"
i studied really hard for this exam but didnt get the marks i expected feeling so down,"sadness  
 (e.g., missed the scholarship by just 1 mark.)"
loss of a family member,"sadness  
 (e.g., missed the scholarship by just 1 mark.)"
i am done with life everything seems messed up around me i am stressed,"sadness  
 (e.g., missed the scholarship by just 1 mark.)"
just feeling a bit down today not really sure why just one of those days i guess,"sadness  
 (e.g., missed the scholarship by just 1 mark.)"
feeling a bit down todayjust one of those days where everything feels a little heavier than usual,"sadness  
 (e.g., missed the scholarship by just 1 mark.)"
hasbunallah,"sadness  
 (e.g., missed the scholarship by just 1 mark.)"
well feeling sad,"sadness  
 (e.g., missed the scholarship by just 1 mark.)"
you made me cry infront of everyone,"sadness  
 (e.g., missed the scholarship by just 1 mark.)"
need theraphy,"sadness  
 (e.g., missed the scholarship by just 1 mark.)"
i am not well,"sadness  
 (e.g., missed the scholarship by just 1 mark.)"
i have not enough money to help someone,"sadness  
 (e.g., missed the scholarship by just 1 mark.)"
when i didnt get the results i expected in the semester exam,"sadness  
 (e.g., missed the scholarship by just 1 mark.)"
arriyerreferd,"sadness  
 (e.g., missed the scholarship by just 1 mark.)"
i just feel really down today its like theres a heavy weight in my heart and i dont have the energy to do anything,"sadness  
 (e.g., missed the scholarship by just 1 mark.)"
whenever i get bad comments,"sadness  
 (e.g., missed the scholarship by just 1 mark.)"
lately ive been feeling really low its one of those days where everything feels a bit heavier than usual im trying to stay strong but its tough just needed to let it out,"sadness  
 (e.g., missed the scholarship by just 1 mark.)"
i am worry,"sadness  
 (e.g., missed the scholarship by just 1 mark.)"
im tired of you,"sadness  
 (e.g., missed the scholarship by just 1 mark.)"
my best friend understands me wrongly,"sadness  
 (e.g., missed the scholarship by just 1 mark.)"
i feel sorry,"sadness  
 (e.g., missed the scholarship by just 1 mark.)"
i am very sad that hearing about it,"sadness  
 (e.g., missed the scholarship by just 1 mark.)"
i am so unlucky today,"sadness  
 (e.g., missed the scholarship by just 1 mark.)"
working for 7 days in a week,"sadness  
 (e.g., missed the scholarship by just 1 mark.)"
why me i cant believe this,"sadness  
 (e.g., missed the scholarship by just 1 mark.)"
returning hostel from home,"sadness  
 (e.g., missed the scholarship by just 1 mark.)"
my close friend avoid me without any reason,"sadness  
 (e.g., missed the scholarship by just 1 mark.)"
im worried about my results,"sadness  
 (e.g., missed the scholarship by just 1 mark.)"
the time which i spent with my friends in the past,"sadness  
 (e.g., missed the scholarship by just 1 mark.)"
when i think about my mother father,"sadness  
 (e.g., missed the scholarship by just 1 mark.)"
i dont get peaceful sleep,"sadness  
 (e.g., missed the scholarship by just 1 mark.)"
iam good i feels like a heavy cloud is hanging over me,"sadness  
 (e.g., missed the scholarship by just 1 mark.)"
i felt sad when i couldnt attend an important campus event because i had to travel home unexpectedly,"sadness  
 (e.g., missed the scholarship by just 1 mark.)"
i felt sad when i didnt get the mark i expected on my internet programming assignment after working so hard,"sadness  
 (e.g., missed the scholarship by just 1 mark.)"
i feel sad,"sadness  
 (e.g., missed the scholarship by just 1 mark.)"
i have failed in a important exam,"sadness  
 (e.g., missed the scholarship by just 1 mark.)"
tomorrow i have to go to university,"sadness  
 (e.g., missed the scholarship by just 1 mark.)"
oops i failed this exam,"sadness  
 (e.g., missed the scholarship by just 1 mark.)"
my laptop is broken few days ago and i felt lost,"sadness  
 (e.g., missed the scholarship by just 1 mark.)"
couldnt attend the family function due to semester exam,"sadness  
 (e.g., missed the scholarship by just 1 mark.)"
failed a subject,"sadness  
 (e.g., missed the scholarship by just 1 mark.)"
best friend dropped out this semester,"sadness  
 (e.g., missed the scholarship by just 1 mark.)"
canteen ran out of kottu before i got there,"sadness  
 (e.g., missed the scholarship by just 1 mark.)"
bike broke down on the way to uni,"sadness  
 (e.g., missed the scholarship by just 1 mark.)"
my favorite lecturer is leaving the university,"sadness  
 (e.g., missed the scholarship by just 1 mark.)"
iam alone,"sadness  
 (e.g., missed the scholarship by just 1 mark.)"
lost the match in the last over still cant believe it,"sadness  
 (e.g., missed the scholarship by just 1 mark.)"
failed my driving test again feeling low,"sadness  
 (e.g., missed the scholarship by just 1 mark.)"
she left without saying goodbye,"sadness  
 (e.g., missed the scholarship by just 1 mark.)"
didnt get selected for the final team all that practice gone,"sadness  
 (e.g., missed the scholarship by just 1 mark.)"
lost my phone with all my memories in it,"sadness  
 (e.g., missed the scholarship by just 1 mark.)"
missing my dad,"sadness  
 (e.g., missed the scholarship by just 1 mark.)"
i studied so hard and still didnt do well,"sadness  
 (e.g., missed the scholarship by just 1 mark.)"
feeling homesick again i miss my family,"sadness  
 (e.g., missed the scholarship by just 1 mark.)"
my dog died on an accident,"sadness  
 (e.g., missed the scholarship by just 1 mark.)"
sometimes i feel like im falling behind everyone else,"sadness  
 (e.g., missed the scholarship by just 1 mark.)"
its overwhelming i dont know how to keep up,"sadness  
 (e.g., missed the scholarship by just 1 mark.)"
skipped class today just couldnt handle it,"sadness  
 (e.g., missed the scholarship by just 1 mark.)"
i miss the old days more than i thought i would,"sadness  
 (e.g., missed the scholarship by just 1 mark.)"
why does university feel so lonely sometimes,"sadness  
 (e.g., missed the scholarship by just 1 mark.)"
cried in the bathroom after my presentation,"sadness  
 (e.g., missed the scholarship by just 1 mark.)"
i keep trying but nothing seems to work,"sadness  
 (e.g., missed the scholarship by just 1 mark.)"
i missed the bus today so i walked to the office,"sadness  
 (e.g., missed the scholarship by just 1 mark.)"
failed that quiz i thought i did okay in,"sadness  
 (e.g., missed the scholarship by just 1 mark.)"
im exhausted from pretending im okay all the time,"sadness  
 (e.g., missed the scholarship by just 1 mark.)"
smiling outside but inside im just tired,"sadness  
 (e.g., missed the scholarship by just 1 mark.)"
i tried my best but it still wasnt enough,"sadness  
 (e.g., missed the scholarship by just 1 mark.)"
it hurts when people you trust dont trust you back,"sadness  
 (e.g., missed the scholarship by just 1 mark.)"
that sinking feeling when plans fall apart last minute,"sadness  
 (e.g., missed the scholarship by just 1 mark.)"
feels like everything is just a bit too heavy today,"sadness  
 (e.g., missed the scholarship by just 1 mark.)"
i miss how things used to be before everything changed,"sadness  
 (e.g., missed the scholarship by just 1 mark.)"
i feel lonely sometimes,"sadness  
 (e.g., missed the scholarship by just 1 mark.)"
its hard to let go,"sadness  
 (e.g., missed the scholarship by just 1 mark.)"
that news made me cry,"sadness  
 (e.g., missed the scholarship by just 1 mark.)"
i did not expect this to happen,"sadness  
 (e.g., missed the scholarship by just 1 mark.)"
i am worthless,"sadness  
 (e.g., missed the scholarship by just 1 mark.)"
lost my wallet,"sadness  
 (e.g., missed the scholarship by just 1 mark.)"
scored less than i expected disappointed in myself,"sadness  
 (e.g., missed the scholarship by just 1 mark.)"
couldnt attend my best friends birthday feeling really bad,"sadness  
 (e.g., missed the scholarship by just 1 mark.)"
lost all my project data because my laptop crashed,"sadness  
 (e.g., missed the scholarship by just 1 mark.)"
my favorite hoodie shrank in the wash,"sadness  
 (e.g., missed the scholarship by just 1 mark.)"
didnt get selected for the team feeling really down,"sadness  
 (e.g., missed the scholarship by just 1 mark.)"
rain ruined our boys cricket match plan,"sadness  
 (e.g., missed the scholarship by just 1 mark.)"
had an argument with dad hate this feeling,"sadness  
 (e.g., missed the scholarship by just 1 mark.)"
no matter how hard i try it never feels enough,"sadness  
 (e.g., missed the scholarship by just 1 mark.)"
sometimes i feel like im there for everyone but no one checks on me,"sadness  
 (e.g., missed the scholarship by just 1 mark.)"
didnt get the expected results,"sadness  
 (e.g., missed the scholarship by just 1 mark.)"
i did all the work and my groupmates did nothing,"anger  
 (e.g.,  lecturer canceled the class last minute again!)"
i worked so hard and still didnt get selected this is so unfair,"anger  
 (e.g.,  lecturer canceled the class last minute again!)"
why is this so unfair,"anger  
 (e.g.,  lecturer canceled the class last minute again!)"
that was really unfair,"anger  
 (e.g.,  lecturer canceled the class last minute again!)"
im so annoyed we worked hard on the group project and still got a low grade,"anger  
 (e.g.,  lecturer canceled the class last minute again!)"
hm,"anger  
 (e.g.,  lecturer canceled the class last minute again!)"
someone not picking up the call when i want to talk,"anger  
 (e.g.,  lecturer canceled the class last minute again!)"
she lied to me im mad at her,"anger  
 (e.g.,  lecturer canceled the class last minute again!)"
bye,"anger  
 (e.g.,  lecturer canceled the class last minute again!)"
im feeling really down today nothing seems to lift my mood and everything feels a bit too heavy to carry just one of those tough days,"anger  
 (e.g.,  lecturer canceled the class last minute again!)"
i worked hard but still got blamed its not fair,"anger  
 (e.g.,  lecturer canceled the class last minute again!)"
repeat,"anger  
 (e.g.,  lecturer canceled the class last minute again!)"
im really frustrated right nowthis isnt okay,"anger  
 (e.g.,  lecturer canceled the class last minute again!)"
its getting late please hurry up,"anger  
 (e.g.,  lecturer canceled the class last minute again!)"
when bike is break,"anger  
 (e.g.,  lecturer canceled the class last minute again!)"
anger,"anger  
 (e.g.,  lecturer canceled the class last minute again!)"
im angry and disappointed i had high hopes but everything just fell apart,"anger  
 (e.g.,  lecturer canceled the class last minute again!)"
my heart burns with anger whenever i think about my lover,"anger  
 (e.g.,  lecturer canceled the class last minute again!)"
today we had lectures for 6 hours continuously,"anger  
 (e.g.,  lecturer canceled the class last minute again!)"
on poya day there is a lecture at university,"anger  
 (e.g.,  lecturer canceled the class last minute again!)"
whenever i hear read or see the injustice that happens to men,"anger  
 (e.g.,  lecturer canceled the class last minute again!)"
i will kill you,"anger  
 (e.g.,  lecturer canceled the class last minute again!)"
they said you wrong when you did good thing,"anger  
 (e.g.,  lecturer canceled the class last minute again!)"
i am feeling anger,"anger  
 (e.g.,  lecturer canceled the class last minute again!)"
im so angry i cant believe this happened i trusted my friends but they let me down,"anger  
 (e.g.,  lecturer canceled the class last minute again!)"
talking to someone immature for their age,"anger  
 (e.g.,  lecturer canceled the class last minute again!)"
im honestly really frustrated right now,"anger  
 (e.g.,  lecturer canceled the class last minute again!)"
someone scolds me without making mistakes,"anger  
 (e.g.,  lecturer canceled the class last minute again!)"
dont call im not going to talk with you,"anger  
 (e.g.,  lecturer canceled the class last minute again!)"
hearing gossips,"anger  
 (e.g.,  lecturer canceled the class last minute again!)"
think before you do,"anger  
 (e.g.,  lecturer canceled the class last minute again!)"
my friends are cheating me,"anger  
 (e.g.,  lecturer canceled the class last minute again!)"
someone ignored me,"anger  
 (e.g.,  lecturer canceled the class last minute again!)"
my brother broke my phone,"anger  
 (e.g.,  lecturer canceled the class last minute again!)"
why are you treating others badly,"anger  
 (e.g.,  lecturer canceled the class last minute again!)"
when wasting time,"anger  
 (e.g.,  lecturer canceled the class last minute again!)"
someone blamed me for something i didnt do,"anger  
 (e.g.,  lecturer canceled the class last minute again!)"
its so hard to believe that my friend talk bad about me to others,"anger  
 (e.g.,  lecturer canceled the class last minute again!)"
god please curse him,"anger  
 (e.g.,  lecturer canceled the class last minute again!)"
im really frustrated right now things didnt go the way they should have and its honestly exhausting dealing with the same issues over and over again,"anger  
 (e.g.,  lecturer canceled the class last minute again!)"
i dont want anyone,"anger  
 (e.g.,  lecturer canceled the class last minute again!)"
im so angry right now,"anger  
 (e.g.,  lecturer canceled the class last minute again!)"
im really frustrated right now its so unfair when things dont go the way they should and it feels like no ones listening this needs to change,"anger  
 (e.g.,  lecturer canceled the class last minute again!)"
when someone speaks rudely,"anger  
 (e.g.,  lecturer canceled the class last minute again!)"
im done covering for people who dont even try,"anger  
 (e.g.,  lecturer canceled the class last minute again!)"
im feeling very much frustrated for what you did,"anger  
 (e.g.,  lecturer canceled the class last minute again!)"
i have lectures this weekend again feeling so tired and drained,"anger  
 (e.g.,  lecturer canceled the class last minute again!)"
im really frustrated right now ive been patient but this situation keeps repeating and its exhausting,"anger  
 (e.g.,  lecturer canceled the class last minute again!)"
im tired of this,"anger  
 (e.g.,  lecturer canceled the class last minute again!)"
give import to phone while talking,"anger  
 (e.g.,  lecturer canceled the class last minute again!)"
im done,"anger  
 (e.g.,  lecturer canceled the class last minute again!)"
someone kicking my cats,"anger  
 (e.g.,  lecturer canceled the class last minute again!)"
omg,"anger  
 (e.g.,  lecturer canceled the class last minute again!)"
my friends talk gossip about me i will be angry with them,"anger  
 (e.g.,  lecturer canceled the class last minute again!)"
mind your own business,"anger  
 (e.g.,  lecturer canceled the class last minute again!)"
do not come to near me i am so angry on you if you come surely i will hit you so please maintain the distance,"anger  
 (e.g.,  lecturer canceled the class last minute again!)"
i work hard for the assignment but the team members scold me,"anger  
 (e.g.,  lecturer canceled the class last minute again!)"
what the freak,"anger  
 (e.g.,  lecturer canceled the class last minute again!)"
i regret trusting your words i should have known better and the audacity to play the victim is mind boggling at least have the courage to accept your wrongdoing without giving lame excuses,"anger  
 (e.g.,  lecturer canceled the class last minute again!)"
i wouldnt even care if she said something else again,"anger  
 (e.g.,  lecturer canceled the class last minute again!)"
be away for while,"anger  
 (e.g.,  lecturer canceled the class last minute again!)"
they promised to help but didnt show up at all im so frustrated and disappointed,"anger  
 (e.g.,  lecturer canceled the class last minute again!)"
what the the,"anger  
 (e.g.,  lecturer canceled the class last minute again!)"
ill talk you later,"anger  
 (e.g.,  lecturer canceled the class last minute again!)"
i am not sure how to face this,"anger  
 (e.g.,  lecturer canceled the class last minute again!)"
when someone treat us badly,"anger  
 (e.g.,  lecturer canceled the class last minute again!)"
i worked on our group project alone and still some group members complained so frustrating,"anger  
 (e.g.,  lecturer canceled the class last minute again!)"
getting blamed when im not wrong,"anger  
 (e.g.,  lecturer canceled the class last minute again!)"
im so mad right now i cant even explain how frustrated i feel go to the hell,"anger  
 (e.g.,  lecturer canceled the class last minute again!)"
im honestly really frustrated right now things just arent going the way they should and its starting to get to me,"anger  
 (e.g.,  lecturer canceled the class last minute again!)"
im really frustrated right nowthings arent going the way they should and its hard to stay calm,"anger  
 (e.g.,  lecturer canceled the class last minute again!)"
ohhh shitttt,"anger  
 (e.g.,  lecturer canceled the class last minute again!)"
ohh okay,"anger  
 (e.g.,  lecturer canceled the class last minute again!)"
you are cheated on me,"anger  
 (e.g.,  lecturer canceled the class last minute again!)"
go to hell,"anger  
 (e.g.,  lecturer canceled the class last minute again!)"
i am not well,"anger  
 (e.g.,  lecturer canceled the class last minute again!)"
dont make me as a option,"anger  
 (e.g.,  lecturer canceled the class last minute again!)"
my mother compared his skills to those of another,"anger  
 (e.g.,  lecturer canceled the class last minute again!)"
junior not obeying us,"anger  
 (e.g.,  lecturer canceled the class last minute again!)"
im so angry right now nothing is going right and its really frustrating,"anger  
 (e.g.,  lecturer canceled the class last minute again!)"
when someone do bad things for me,"anger  
 (e.g.,  lecturer canceled the class last minute again!)"
im honestly really frustrated right now it feels like things are completely out of control and ive had enough im tired of being patient when nothing seems to change,"anger  
 (e.g.,  lecturer canceled the class last minute again!)"
i am angry,"anger  
 (e.g.,  lecturer canceled the class last minute again!)"
i dont want talk about this,"anger  
 (e.g.,  lecturer canceled the class last minute again!)"
without participating the group project one of our group member telling that you could have done like this,"anger  
 (e.g.,  lecturer canceled the class last minute again!)"
i am angry with you,"anger  
 (e.g.,  lecturer canceled the class last minute again!)"
i am very angry about to see his attitude,"anger  
 (e.g.,  lecturer canceled the class last minute again!)"
you dont need to involve in this,"anger  
 (e.g.,  lecturer canceled the class last minute again!)"
someone scolds me without any reason,"anger  
 (e.g.,  lecturer canceled the class last minute again!)"
i will kill you,"anger  
 (e.g.,  lecturer canceled the class last minute again!)"
when even loved one also does not understand us,"anger  
 (e.g.,  lecturer canceled the class last minute again!)"
nothing,"anger  
 (e.g.,  lecturer canceled the class last minute again!)"
my phone strucked when i was in important work,"anger  
 (e.g.,  lecturer canceled the class last minute again!)"
why did this happen to me,"anger  
 (e.g.,  lecturer canceled the class last minute again!)"
if anyone hurts me without any mistakes in me,"anger  
 (e.g.,  lecturer canceled the class last minute again!)"
we are doing a lot of workbut our demonstrator didnt praise and support us,"anger  
 (e.g.,  lecturer canceled the class last minute again!)"
unnecessarily disturbing during sleep,"anger  
 (e.g.,  lecturer canceled the class last minute again!)"
i wont say anything,"anger  
 (e.g.,  lecturer canceled the class last minute again!)"
i was angry when the internet went down during an important online lecture i really needed to attend,"anger  
 (e.g.,  lecturer canceled the class last minute again!)"
i got angry when my laptop suddenly crashed right before submitting an assignment on lms,"anger  
 (e.g.,  lecturer canceled the class last minute again!)"
iam really angry,"anger  
 (e.g.,  lecturer canceled the class last minute again!)"
my friend didnt obey my words,"anger  
 (e.g.,  lecturer canceled the class last minute again!)"
my group member doesnt care what i say,"anger  
 (e.g.,  lecturer canceled the class last minute again!)"
why did you cut into the line,"anger  
 (e.g.,  lecturer canceled the class last minute again!)"
she doesnt know what happened she just blames me,"anger  
 (e.g.,  lecturer canceled the class last minute again!)"
my assignment got deleted right before submission,"anger  
 (e.g.,  lecturer canceled the class last minute again!)"
someone blames me without knowing the truth,"anger  
 (e.g.,  lecturer canceled the class last minute again!)"
roommate used my laptop without asking,"anger  
 (e.g.,  lecturer canceled the class last minute again!)"
group project i did everything again,"anger  
 (e.g.,  lecturer canceled the class last minute again!)"
group mates ghosted me on submission day,"anger  
 (e.g.,  lecturer canceled the class last minute again!)"
wifi died during online assignment,"anger  
 (e.g.,  lecturer canceled the class last minute again!)"
iam so frustrated,"anger  
 (e.g.,  lecturer canceled the class last minute again!)"
waited 2 hours in the queue and they said system is down,"anger  
 (e.g.,  lecturer canceled the class last minute again!)"
lost the game because of a lag so frustrating,"anger  
 (e.g.,  lecturer canceled the class last minute again!)"
roommate used my headphones again without asking,"anger  
 (e.g.,  lecturer canceled the class last minute again!)"
all plans were set and he bailed out last minute not cool,"anger  
 (e.g.,  lecturer canceled the class last minute again!)"
waited over an hour and they didnt even bother to show up or inform,"anger  
 (e.g.,  lecturer canceled the class last minute again!)"
we have lectures on sunday,"anger  
 (e.g.,  lecturer canceled the class last minute again!)"
group mates didnt do anythingagain im so done,"anger  
 (e.g.,  lecturer canceled the class last minute again!)"
why do professors assign everything at once,"anger  
 (e.g.,  lecturer canceled the class last minute again!)"
he cheated on me again,"anger  
 (e.g.,  lecturer canceled the class last minute again!)"
my laptop crashed before i saved the assignment,"anger  
 (e.g.,  lecturer canceled the class last minute again!)"
i was marked absent even though i was there,"anger  
 (e.g.,  lecturer canceled the class last minute again!)"
people talking during class drives me mad,"anger  
 (e.g.,  lecturer canceled the class last minute again!)"
if people just respected time things wouldnt be such a mess,"anger  
 (e.g.,  lecturer canceled the class last minute again!)"
why does uni wifi always die during submissions,"anger  
 (e.g.,  lecturer canceled the class last minute again!)"
the exam paper was nothing like what they taught,"anger  
 (e.g.,  lecturer canceled the class last minute again!)"
cant believe the admin lost my documents again,"anger  
 (e.g.,  lecturer canceled the class last minute again!)"
she is not replying to text messages,"anger  
 (e.g.,  lecturer canceled the class last minute again!)"
i hate when people take credit for my work,"anger  
 (e.g.,  lecturer canceled the class last minute again!)"
this semester is testing my patience on every level,"anger  
 (e.g.,  lecturer canceled the class last minute again!)"
i kept quiet to keep the peace but now im boiling inside,"anger  
 (e.g.,  lecturer canceled the class last minute again!)"
im beyond fed up with being taken for granted,"anger  
 (e.g.,  lecturer canceled the class last minute again!)"
so done with excuses and empty promises,"anger  
 (e.g.,  lecturer canceled the class last minute again!)"
i keep explaining myself but nobody listens,"anger  
 (e.g.,  lecturer canceled the class last minute again!)"
why do people think my kindness is weakness,"anger  
 (e.g.,  lecturer canceled the class last minute again!)"
losing patience faster than i thought i would today,"anger  
 (e.g.,  lecturer canceled the class last minute again!)"
that was really unfair,"anger  
 (e.g.,  lecturer canceled the class last minute again!)"
so frustrating,"anger  
 (e.g.,  lecturer canceled the class last minute again!)"
i can not believe they did that,"anger  
 (e.g.,  lecturer canceled the class last minute again!)"
i am tired of this,"anger  
 (e.g.,  lecturer canceled the class last minute again!)"
why did you do that,"anger  
 (e.g.,  lecturer canceled the class last minute again!)"
he betrayed me,"anger  
 (e.g.,  lecturer canceled the class last minute again!)"
someone scratched my bike and didnt even leave a note,"anger  
 (e.g.,  lecturer canceled the class last minute again!)"
group project and im doing everything alone fed up,"anger  
 (e.g.,  lecturer canceled the class last minute again!)"
trainer didnt show up for the session time wasted,"anger  
 (e.g.,  lecturer canceled the class last minute again!)"
group chat full of memes but no project updates,"anger  
 (e.g.,  lecturer canceled the class last minute again!)"
got blamed for something i didnt even do in the group,"anger  
 (e.g.,  lecturer canceled the class last minute again!)"
roommate took my charger and disappeared,"anger  
 (e.g.,  lecturer canceled the class last minute again!)"
why do people never listen properly the first time,"anger  
 (e.g.,  lecturer canceled the class last minute again!)"
they changed the assignment deadline after i submitted,"anger  
 (e.g.,  lecturer canceled the class last minute again!)"
i told them i didnt want to be part of that dramaand they dragged me in anyway,"anger  
 (e.g.,  lecturer canceled the class last minute again!)"
dont be disrespectful like u always do,"anger  
 (e.g.,  lecturer canceled the class last minute again!)"
i have my presentation tomorrow,"fear  
 (e.g., viva starts in 5 minutes. i'm shaking.)"
im really scared about the final exam what if i fail again,"fear  
 (e.g., viva starts in 5 minutes. i'm shaking.)"
i have low percentage of attendance,"fear  
 (e.g., viva starts in 5 minutes. i'm shaking.)"
this makes me nervous,"fear  
 (e.g., viva starts in 5 minutes. i'm shaking.)"
im really nervous about the exam tomorrow i dont feel ready,"fear  
 (e.g., viva starts in 5 minutes. i'm shaking.)"
i dont text when im scared,"fear  
 (e.g., viva starts in 5 minutes. i'm shaking.)"
when exam results released,"fear  
 (e.g., viva starts in 5 minutes. i'm shaking.)"
im feeling really anxious and unsure about whats going to happen,"fear  
 (e.g., viva starts in 5 minutes. i'm shaking.)"
bye,"fear  
 (e.g., viva starts in 5 minutes. i'm shaking.)"
im feeling really anxious right now my mind keeps racing with what ifs and i cant seem to calm down i just hope everything turns out okay,"fear  
 (e.g., viva starts in 5 minutes. i'm shaking.)"
exams are near and i dont feel ready,"fear  
 (e.g., viva starts in 5 minutes. i'm shaking.)"
semester,"fear  
 (e.g., viva starts in 5 minutes. i'm shaking.)"
im really scared i dont know what to do,"fear  
 (e.g., viva starts in 5 minutes. i'm shaking.)"
tomorrow i have project presentation,"fear  
 (e.g., viva starts in 5 minutes. i'm shaking.)"
no fear,"fear  
 (e.g., viva starts in 5 minutes. i'm shaking.)"
fear,"fear  
 (e.g., viva starts in 5 minutes. i'm shaking.)"
im worried im not prepared enough what if everything falls apart,"fear  
 (e.g., viva starts in 5 minutes. i'm shaking.)"
my heart trembles with fear whenever i think about my lover,"fear  
 (e.g., viva starts in 5 minutes. i'm shaking.)"
i want to present in front of 100 people,"fear  
 (e.g., viva starts in 5 minutes. i'm shaking.)"
tomorrow is the deadline for the final submission,"fear  
 (e.g., viva starts in 5 minutes. i'm shaking.)"
lizard traffic police,"fear  
 (e.g., viva starts in 5 minutes. i'm shaking.)"
i feel scare,"fear  
 (e.g., viva starts in 5 minutes. i'm shaking.)"
you are alone in hostel,"fear  
 (e.g., viva starts in 5 minutes. i'm shaking.)"
i am feeling fear,"fear  
 (e.g., viva starts in 5 minutes. i'm shaking.)"
my heart is racingi dont know what is going to happeni feel nervous and scared,"fear  
 (e.g., viva starts in 5 minutes. i'm shaking.)"
getting a notification about exam results being released tomorrow,"fear  
 (e.g., viva starts in 5 minutes. i'm shaking.)"
im feeling really on edge right now my heart keeps racing and every little sound makes me jump,"fear  
 (e.g., viva starts in 5 minutes. i'm shaking.)"
i was alone at last night therefore i scared,"fear  
 (e.g., viva starts in 5 minutes. i'm shaking.)"
im afraid,"fear  
 (e.g., viva starts in 5 minutes. i'm shaking.)"
alone,"fear  
 (e.g., viva starts in 5 minutes. i'm shaking.)"
all is well,"fear  
 (e.g., viva starts in 5 minutes. i'm shaking.)"
i stay at home alone,"fear  
 (e.g., viva starts in 5 minutes. i'm shaking.)"
when i see my results,"fear  
 (e.g., viva starts in 5 minutes. i'm shaking.)"
i see the exam papper,"fear  
 (e.g., viva starts in 5 minutes. i'm shaking.)"
i have to sleep at night alone,"fear  
 (e.g., viva starts in 5 minutes. i'm shaking.)"
when seeing gost,"fear  
 (e.g., viva starts in 5 minutes. i'm shaking.)"
i got lost for a few minutes in a crowded place,"fear  
 (e.g., viva starts in 5 minutes. i'm shaking.)"
tomorrow i have to deliver my unprepared speech,"fear  
 (e.g., viva starts in 5 minutes. i'm shaking.)"
god please protect me,"fear  
 (e.g., viva starts in 5 minutes. i'm shaking.)"
im feeling really anxious right now my mind wont stop racing and i cant help but worry about what might go wrong i just wish i could calm down and feel safe,"fear  
 (e.g., viva starts in 5 minutes. i'm shaking.)"
i am very scared,"fear  
 (e.g., viva starts in 5 minutes. i'm shaking.)"
my mind is racing and i cant stop worrying,"fear  
 (e.g., viva starts in 5 minutes. i'm shaking.)"
im feeling really anxious right now not sure whats going to happen next and its hard to calm my mind hoping things will be okay,"fear  
 (e.g., viva starts in 5 minutes. i'm shaking.)"
when i get late night calls from my relatives,"fear  
 (e.g., viva starts in 5 minutes. i'm shaking.)"
i dont know how i am going to talk in front of the panel,"fear  
 (e.g., viva starts in 5 minutes. i'm shaking.)"
im struggling a little bit i feel like to share the things with you and need help to handle it,"fear  
 (e.g., viva starts in 5 minutes. i'm shaking.)"
i have a presentation tomorrow and im scared ill spoil,"fear  
 (e.g., viva starts in 5 minutes. i'm shaking.)"
im feeling really scared right now theres so much uncertainty and i cant stop thinking about what might go wrong,"fear  
 (e.g., viva starts in 5 minutes. i'm shaking.)"
iam shaking right now,"fear  
 (e.g., viva starts in 5 minutes. i'm shaking.)"
things doesnt happen in proper time,"fear  
 (e.g., viva starts in 5 minutes. i'm shaking.)"
no more explanations,"fear  
 (e.g., viva starts in 5 minutes. i'm shaking.)"
about world war 3,"fear  
 (e.g., viva starts in 5 minutes. i'm shaking.)"
so sad,"fear  
 (e.g., viva starts in 5 minutes. i'm shaking.)"
i think about my futurethat time i was scared,"fear  
 (e.g., viva starts in 5 minutes. i'm shaking.)"
ohwhat,"fear  
 (e.g., viva starts in 5 minutes. i'm shaking.)"
i am in dark i feel so fear,"fear  
 (e.g., viva starts in 5 minutes. i'm shaking.)"
tomorrow i have my exam,"fear  
 (e.g., viva starts in 5 minutes. i'm shaking.)"
im anxious,"fear  
 (e.g., viva starts in 5 minutes. i'm shaking.)"
looking at all the indifference the people are showing towards this live genocide makes me so scary especially when i think about what kind of world my child will be facing im in a state of constant anxiety just trying to imagine myself in their shoes,"fear  
 (e.g., viva starts in 5 minutes. i'm shaking.)"
whats if i get repeated again,"fear  
 (e.g., viva starts in 5 minutes. i'm shaking.)"
its not enough,"fear  
 (e.g., viva starts in 5 minutes. i'm shaking.)"
i have a big presentation tomorrow and im so nervous what if i mess up in front of everyone,"fear  
 (e.g., viva starts in 5 minutes. i'm shaking.)"
aiyo,"fear  
 (e.g., viva starts in 5 minutes. i'm shaking.)"
i dont know to tell exactly whats happen but i know something is happening,"fear  
 (e.g., viva starts in 5 minutes. i'm shaking.)"
that was really unfair,"fear  
 (e.g., viva starts in 5 minutes. i'm shaking.)"
when a sound come in the midnight,"fear  
 (e.g., viva starts in 5 minutes. i'm shaking.)"
tomorrow is my viva and im really nervous i hope i dont mess up,"fear  
 (e.g., viva starts in 5 minutes. i'm shaking.)"
losing a loved one,"fear  
 (e.g., viva starts in 5 minutes. i'm shaking.)"
my heart is racing and i am feeling nervous and uneasy i dont have any ideas what to do next,"fear  
 (e.g., viva starts in 5 minutes. i'm shaking.)"
im feeling really anxious right now my minds racing and i cant seem to shake this uneasy feeling just hoping things calm down soon,"fear  
 (e.g., viva starts in 5 minutes. i'm shaking.)"
im feeling really uneasy right nowmy mind keeps racing and i cant shake this nervous feeling,"fear  
 (e.g., viva starts in 5 minutes. i'm shaking.)"
oh my god,"fear  
 (e.g., viva starts in 5 minutes. i'm shaking.)"
whaaat really,"fear  
 (e.g., viva starts in 5 minutes. i'm shaking.)"
im afraid to go through dark,"fear  
 (e.g., viva starts in 5 minutes. i'm shaking.)"
bro seriously,"fear  
 (e.g., viva starts in 5 minutes. i'm shaking.)"
i am not well,"fear  
 (e.g., viva starts in 5 minutes. i'm shaking.)"
how i am going to face the viva panel,"fear  
 (e.g., viva starts in 5 minutes. i'm shaking.)"
when walking alone at night in a deserted place,"fear  
 (e.g., viva starts in 5 minutes. i'm shaking.)"
examination,"fear  
 (e.g., viva starts in 5 minutes. i'm shaking.)"
im feeling really anxious and nervous my heart is racing and i cant stop worrying about what might happen,"fear  
 (e.g., viva starts in 5 minutes. i'm shaking.)"
when i see ghost,"fear  
 (e.g., viva starts in 5 minutes. i'm shaking.)"
im feeling really anxious right now my mind wont stop racing and theres this tight feeling in my chest that wont go away i dont know whats coming next and that uncertainty is overwhelming,"fear  
 (e.g., viva starts in 5 minutes. i'm shaking.)"
i scared,"fear  
 (e.g., viva starts in 5 minutes. i'm shaking.)"
i dont want what to do,"fear  
 (e.g., viva starts in 5 minutes. i'm shaking.)"
when i didnt submit my assignment in a time,"fear  
 (e.g., viva starts in 5 minutes. i'm shaking.)"
i am nervous,"fear  
 (e.g., viva starts in 5 minutes. i'm shaking.)"
i am very fear thinking about professional exam,"fear  
 (e.g., viva starts in 5 minutes. i'm shaking.)"
my hands are severing now,"fear  
 (e.g., viva starts in 5 minutes. i'm shaking.)"
suddenly wake up from sleep due to nightmare,"fear  
 (e.g., viva starts in 5 minutes. i'm shaking.)"
dont show this to me i cant see that,"fear  
 (e.g., viva starts in 5 minutes. i'm shaking.)"
when fail in a hard worked exam definitely i have fear about next exam even if i do it also with hard work,"fear  
 (e.g., viva starts in 5 minutes. i'm shaking.)"
when i sleep at night lonely,"fear  
 (e.g., viva starts in 5 minutes. i'm shaking.)"
im afraid i might fail,"fear  
 (e.g., viva starts in 5 minutes. i'm shaking.)"
living among this drugs using society,"fear  
 (e.g., viva starts in 5 minutes. i'm shaking.)"
im very afraid,"fear  
 (e.g., viva starts in 5 minutes. i'm shaking.)"
i saw a big accident at the last week it was making me feel bad and scared,"fear  
 (e.g., viva starts in 5 minutes. i'm shaking.)"
when i see parents getting old,"fear  
 (e.g., viva starts in 5 minutes. i'm shaking.)"
something just doesnt feel right to me,"fear  
 (e.g., viva starts in 5 minutes. i'm shaking.)"
i felt fear before the viva presentation worried that i might forget important points,"fear  
 (e.g., viva starts in 5 minutes. i'm shaking.)"
i felt fear when the lecturer suddenly called my name to answer a question during a zoom session,"fear  
 (e.g., viva starts in 5 minutes. i'm shaking.)"
iam scared,"fear  
 (e.g., viva starts in 5 minutes. i'm shaking.)"
i have to do the public speech tomorrow,"fear  
 (e.g., viva starts in 5 minutes. i'm shaking.)"
results are released tomorrow,"fear  
 (e.g., viva starts in 5 minutes. i'm shaking.)"
i felt someone was following me when i passed cemetery,"fear  
 (e.g., viva starts in 5 minutes. i'm shaking.)"
this place is full people i feel so nervous,"fear  
 (e.g., viva starts in 5 minutes. i'm shaking.)"
exams start tomorrow and i havent prepared enough,"fear  
 (e.g., viva starts in 5 minutes. i'm shaking.)"
to attend an interview,"fear  
 (e.g., viva starts in 5 minutes. i'm shaking.)"
forgot the presentation slides on exam day,"fear  
 (e.g., viva starts in 5 minutes. i'm shaking.)"
lecturer said pop quiz with a smile,"fear  
 (e.g., viva starts in 5 minutes. i'm shaking.)"
dean walked in while i was napping in class,"fear  
 (e.g., viva starts in 5 minutes. i'm shaking.)"
accidentally sent the wrong file for final submission,"fear  
 (e.g., viva starts in 5 minutes. i'm shaking.)"
what iam going to do exam,"fear  
 (e.g., viva starts in 5 minutes. i'm shaking.)"
exam results are out tomorrow cant stop overthinking,"fear  
 (e.g., viva starts in 5 minutes. i'm shaking.)"
got a call from the boss no idea what its about,"fear  
 (e.g., viva starts in 5 minutes. i'm shaking.)"
first day at a new university feeling super nervous,"fear  
 (e.g., viva starts in 5 minutes. i'm shaking.)"
interview in an hour and my hands are literally sweating,"fear  
 (e.g., viva starts in 5 minutes. i'm shaking.)"
theres a weird noise downstairs and im home alone,"fear  
 (e.g., viva starts in 5 minutes. i'm shaking.)"
i have an intreview tomorrow,"fear  
 (e.g., viva starts in 5 minutes. i'm shaking.)"
finals are coming and i dont feel ready at all,"fear  
 (e.g., viva starts in 5 minutes. i'm shaking.)"
im scared i might fail this course,"fear  
 (e.g., viva starts in 5 minutes. i'm shaking.)"
i guess i wont pass the exams,"fear  
 (e.g., viva starts in 5 minutes. i'm shaking.)"
what if i chose the wrong major,"fear  
 (e.g., viva starts in 5 minutes. i'm shaking.)"
i dont think ill finish this project on time,"fear  
 (e.g., viva starts in 5 minutes. i'm shaking.)"
my gpa is slipping and it terrifies me,"fear  
 (e.g., viva starts in 5 minutes. i'm shaking.)"
my stomach is in knots just thinking about tomorrow,"fear  
 (e.g., viva starts in 5 minutes. i'm shaking.)"
everyone else seems to have it together except me,"fear  
 (e.g., viva starts in 5 minutes. i'm shaking.)"
im afraid ill mess up my presentation tomorrow,"fear  
 (e.g., viva starts in 5 minutes. i'm shaking.)"
what if i dont get an internship whats next,"fear  
 (e.g., viva starts in 5 minutes. i'm shaking.)"
exam results are released check the link i send you,"fear  
 (e.g., viva starts in 5 minutes. i'm shaking.)"
i feel anxious even opening my student portal,"fear  
 (e.g., viva starts in 5 minutes. i'm shaking.)"
i worry that all this stress is affecting my health,"fear  
 (e.g., viva starts in 5 minutes. i'm shaking.)"
i feel like im frozen unable to move or speak,"fear  
 (e.g., viva starts in 5 minutes. i'm shaking.)"
cant focusmy brains stuck in panic mode,"fear  
 (e.g., viva starts in 5 minutes. i'm shaking.)"
i feel on edge like something bad is lurking nearby,"fear  
 (e.g., viva starts in 5 minutes. i'm shaking.)"
breathing feels shallow and uneven when i get like this,"fear  
 (e.g., viva starts in 5 minutes. i'm shaking.)"
overthinking every word i said today,"fear  
 (e.g., viva starts in 5 minutes. i'm shaking.)"
waiting feels like torture when your minds racing,"fear  
 (e.g., viva starts in 5 minutes. i'm shaking.)"
i am scared to go alone,"fear  
 (e.g., viva starts in 5 minutes. i'm shaking.)"
i do not feel safe here,"fear  
 (e.g., viva starts in 5 minutes. i'm shaking.)"
that noise scared me,"fear  
 (e.g., viva starts in 5 minutes. i'm shaking.)"
i can not stop worrying,"fear  
 (e.g., viva starts in 5 minutes. i'm shaking.)"
today is my first day at work,"fear  
 (e.g., viva starts in 5 minutes. i'm shaking.)"
we have only one week for final examination,"fear  
 (e.g., viva starts in 5 minutes. i'm shaking.)"
health report coming today really scared,"fear  
 (e.g., viva starts in 5 minutes. i'm shaking.)"
spotted something moving in the dark outside,"fear  
 (e.g., viva starts in 5 minutes. i'm shaking.)"
flight turbulence is getting worse i hate this,"fear  
 (e.g., viva starts in 5 minutes. i'm shaking.)"
accidentally liked her 2019 photo at 2 am,"fear  
 (e.g., viva starts in 5 minutes. i'm shaking.)"
im so nervous for the viva tomorrowi can barely sleep,"fear  
 (e.g., viva starts in 5 minutes. i'm shaking.)"
forgot my id during the exam again,"fear  
 (e.g., viva starts in 5 minutes. i'm shaking.)"
heard strange noises in the house alone and freaking out,"fear  
 (e.g., viva starts in 5 minutes. i'm shaking.)"
what if i dont pass and have to repeat this semester,"fear  
 (e.g., viva starts in 5 minutes. i'm shaking.)"
what if i dont get into the uni i applied for i cant stop worrying,"fear  
 (e.g., viva starts in 5 minutes. i'm shaking.)"
i cant watch horror movies,"fear  
 (e.g., viva starts in 5 minutes. i'm shaking.)"
i just submitted my assignment,"neutral  
 (e.g., had lunch and attended lectures.)"
i have classes from 8 to 4 today and then ill study for a while,"neutral  
 (e.g., had lunch and attended lectures.)"
today was a normal day nothing special,"neutral  
 (e.g., had lunch and attended lectures.)"
okay thats fine,"neutral  
 (e.g., had lunch and attended lectures.)"
tomorrow have online lectures full day,"neutral  
 (e.g., had lunch and attended lectures.)"
got the point ill catch you later,"neutral  
 (e.g., had lunch and attended lectures.)"
when someone ask me to help them,"neutral  
 (e.g., had lunch and attended lectures.)"
im not feeling at my best today just taking things slow,"neutral  
 (e.g., had lunch and attended lectures.)"
hi,"neutral  
 (e.g., had lunch and attended lectures.)"
just going through a regular day nothing too exciting nothing too stressful everythings pretty normal right now,"neutral  
 (e.g., had lunch and attended lectures.)"
next class is on monday at 8 am in l11,"neutral  
 (e.g., had lunch and attended lectures.)"
fail,"neutral  
 (e.g., had lunch and attended lectures.)"
nothing much going on today just a normal day,"neutral  
 (e.g., had lunch and attended lectures.)"
it is raining today and its ok,"neutral  
 (e.g., had lunch and attended lectures.)"
your are the handsome boy,"neutral  
 (e.g., had lunch and attended lectures.)"
neuter,"neutral  
 (e.g., had lunch and attended lectures.)"
everythings fine nothing new just the usual routine,"neutral  
 (e.g., had lunch and attended lectures.)"
my heart feels calm whenever i think about my lover,"neutral  
 (e.g., had lunch and attended lectures.)"
found a lizard in our dinner at hostel canteen,"neutral  
 (e.g., had lunch and attended lectures.)"
i brush my teeth,"neutral  
 (e.g., had lunch and attended lectures.)"
always neutral,"neutral  
 (e.g., had lunch and attended lectures.)"
i am fine,"neutral  
 (e.g., had lunch and attended lectures.)"
you are okay,"neutral  
 (e.g., had lunch and attended lectures.)"
i am feeling neutral,"neutral  
 (e.g., had lunch and attended lectures.)"
im just going through the day as usualnothing special happenedand everything feels pretty normal,"neutral  
 (e.g., had lunch and attended lectures.)"
getting a text reminder about an appointment next week,"neutral  
 (e.g., had lunch and attended lectures.)"
just going through the day as usual,"neutral  
 (e.g., had lunch and attended lectures.)"
i have passed a course without getting a very good result,"neutral  
 (e.g., had lunch and attended lectures.)"
hi,"neutral  
 (e.g., had lunch and attended lectures.)"
follow the routine,"neutral  
 (e.g., had lunch and attended lectures.)"
its okay,"neutral  
 (e.g., had lunch and attended lectures.)"
i study hard,"neutral  
 (e.g., had lunch and attended lectures.)"
now im sitting like neutral,"neutral  
 (e.g., had lunch and attended lectures.)"
i am feel goood without my exam,"neutral  
 (e.g., had lunch and attended lectures.)"
i have to cook,"neutral  
 (e.g., had lunch and attended lectures.)"
when studying time,"neutral  
 (e.g., had lunch and attended lectures.)"
i spent the day doing my usual routine,"neutral  
 (e.g., had lunch and attended lectures.)"
today is a calm and quiet day for me,"neutral  
 (e.g., had lunch and attended lectures.)"
all will be good,"neutral  
 (e.g., had lunch and attended lectures.)"
nothing much going on today just going through the usual routine and taking things as they come,"neutral  
 (e.g., had lunch and attended lectures.)"
i am ok,"neutral  
 (e.g., had lunch and attended lectures.)"
nothing too exciting or upsetting just an ordinary day,"neutral  
 (e.g., had lunch and attended lectures.)"
just an ordinary daynothing special nothing bad taking things as they come and staying steady,"neutral  
 (e.g., had lunch and attended lectures.)"
studying everyday,"neutral  
 (e.g., had lunch and attended lectures.)"
ive completed my part of the task,"neutral  
 (e.g., had lunch and attended lectures.)"
everything is fine,"neutral  
 (e.g., had lunch and attended lectures.)"
tomorrow we have lectures for 2 hours,"neutral  
 (e.g., had lunch and attended lectures.)"
just going through the day as usual nothing too exciting or stressfuleverythings pretty routine,"neutral  
 (e.g., had lunch and attended lectures.)"
just feeling better,"neutral  
 (e.g., had lunch and attended lectures.)"
when things happening smooth,"neutral  
 (e.g., had lunch and attended lectures.)"
all is well,"neutral  
 (e.g., had lunch and attended lectures.)"
when someone misunderstanding me,"neutral  
 (e.g., had lunch and attended lectures.)"
j usually dont express my feelings always laughing even in a terrible situation and mostly its neutral,"neutral  
 (e.g., had lunch and attended lectures.)"
i went to temple and pray for my family,"neutral  
 (e.g., had lunch and attended lectures.)"
it is ok,"neutral  
 (e.g., had lunch and attended lectures.)"
nothing,"neutral  
 (e.g., had lunch and attended lectures.)"
i am sleepy,"neutral  
 (e.g., had lunch and attended lectures.)"
cool buddy,"neutral  
 (e.g., had lunch and attended lectures.)"
i see im glad you were able to come out of it hope youre doing better now,"neutral  
 (e.g., had lunch and attended lectures.)"
nothing new everything is happening as of the daily routine,"neutral  
 (e.g., had lunch and attended lectures.)"
always be neutral,"neutral  
 (e.g., had lunch and attended lectures.)"
just a regular daynothing exciting nothing bad just going with the flow,"neutral  
 (e.g., had lunch and attended lectures.)"
mm okay,"neutral  
 (e.g., had lunch and attended lectures.)"
im okey,"neutral  
 (e.g., had lunch and attended lectures.)"
lets see how it goes,"neutral  
 (e.g., had lunch and attended lectures.)"
every morning sunrises,"neutral  
 (e.g., had lunch and attended lectures.)"
just another normal day at unilectures lunch and heading back to the hostel nothing special today,"neutral  
 (e.g., had lunch and attended lectures.)"
having a homely cooked meal,"neutral  
 (e.g., had lunch and attended lectures.)"
i am just blank,"neutral  
 (e.g., had lunch and attended lectures.)"
nothing much going on todayjust a regular day im feeling okay not too up or down just going with the flow,"neutral  
 (e.g., had lunch and attended lectures.)"
nothing much going onjust a regular day im feeling pretty neutral not good or bad just in between,"neutral  
 (e.g., had lunch and attended lectures.)"
its so nice,"neutral  
 (e.g., had lunch and attended lectures.)"
hi how are you,"neutral  
 (e.g., had lunch and attended lectures.)"
im okay with that,"neutral  
 (e.g., had lunch and attended lectures.)"
hmm ahh ok,"neutral  
 (e.g., had lunch and attended lectures.)"
i am fine,"neutral  
 (e.g., had lunch and attended lectures.)"
i am going to sleep now,"neutral  
 (e.g., had lunch and attended lectures.)"
when miss the university bus,"neutral  
 (e.g., had lunch and attended lectures.)"
in classroom,"neutral  
 (e.g., had lunch and attended lectures.)"
im feeling okay today nothing special happenedjust a normal regular day,"neutral  
 (e.g., had lunch and attended lectures.)"
nothing much importance,"neutral  
 (e.g., had lunch and attended lectures.)"
nothing too exciting going on today just going through the motions getting things done and keeping things steady its one of those average daysnot bad not great just okay,"neutral  
 (e.g., had lunch and attended lectures.)"
i am normal,"neutral  
 (e.g., had lunch and attended lectures.)"
im ok,"neutral  
 (e.g., had lunch and attended lectures.)"
going trip with my friends,"neutral  
 (e.g., had lunch and attended lectures.)"
it is ok,"neutral  
 (e.g., had lunch and attended lectures.)"
i am ok,"neutral  
 (e.g., had lunch and attended lectures.)"
i am fine,"neutral  
 (e.g., had lunch and attended lectures.)"
get lunch at proper time,"neutral  
 (e.g., had lunch and attended lectures.)"
im ok,"neutral  
 (e.g., had lunch and attended lectures.)"
90 mostly life is going line that what ever happened we have to accept neutrally otherwise no option,"neutral  
 (e.g., had lunch and attended lectures.)"
at my lectures time,"neutral  
 (e.g., had lunch and attended lectures.)"
hello,"neutral  
 (e.g., had lunch and attended lectures.)"
if i finished my work perfectly,"neutral  
 (e.g., had lunch and attended lectures.)"
nothing special going on,"neutral  
 (e.g., had lunch and attended lectures.)"
when im unjustly accused,"neutral  
 (e.g., had lunch and attended lectures.)"
just finished all my works for the day and now relaxing a bit,"neutral  
 (e.g., had lunch and attended lectures.)"
i felt neutral while waiting for the next class to start just scrolling through my notes,"neutral  
 (e.g., had lunch and attended lectures.)"
i felt neutral while copying notes during a lecture without really thinking about the content,"neutral  
 (e.g., had lunch and attended lectures.)"
iam okay,"neutral  
 (e.g., had lunch and attended lectures.)"
we have lecture today,"neutral  
 (e.g., had lunch and attended lectures.)"
fear of losing others,"neutral  
 (e.g., had lunch and attended lectures.)"
i got new messages from a group chat,"neutral  
 (e.g., had lunch and attended lectures.)"
today lecture is cancelled but it will be held on tomorrow,"neutral  
 (e.g., had lunch and attended lectures.)"
attended lectures and came back to the hostel,"neutral  
 (e.g., had lunch and attended lectures.)"
if a lecture is canceled,"neutral  
 (e.g., had lunch and attended lectures.)"
went to class and played cricket afterward,"neutral  
 (e.g., had lunch and attended lectures.)"
charged phone watched memes survived the day,"neutral  
 (e.g., had lunch and attended lectures.)"
attended lab ate bun came back,"neutral  
 (e.g., had lunch and attended lectures.)"
went to class scrolled instagram came home,"neutral  
 (e.g., had lunch and attended lectures.)"
may be tomorrow,"neutral  
 (e.g., had lunch and attended lectures.)"
just finished my assignments and now watching tv,"neutral  
 (e.g., had lunch and attended lectures.)"
went to class took notes and came back home,"neutral  
 (e.g., had lunch and attended lectures.)"
cleaned my room and did some laundry nothing much,"neutral  
 (e.g., had lunch and attended lectures.)"
attended all lectures today pretty regular day,"neutral  
 (e.g., had lunch and attended lectures.)"
its been a quiet day got some work done and thats about it,"neutral  
 (e.g., had lunch and attended lectures.)"
had dinner,"neutral  
 (e.g., had lunch and attended lectures.)"
just attended lectures and came back nothing special,"neutral  
 (e.g., had lunch and attended lectures.)"
same routine eat class study sleep,"neutral  
 (e.g., had lunch and attended lectures.)"
i took a nap,"neutral  
 (e.g., had lunch and attended lectures.)"
its a regular day im just surviving not thriving,"neutral  
 (e.g., had lunch and attended lectures.)"
not bad not great just average like always,"neutral  
 (e.g., had lunch and attended lectures.)"
no drama today thankfully just vibes,"neutral  
 (e.g., had lunch and attended lectures.)"
finished my chores now just scrolling without purpose,"neutral  
 (e.g., had lunch and attended lectures.)"
library lunch lecturerepeat thats it,"neutral  
 (e.g., had lunch and attended lectures.)"
campus is quiet and so am i,"neutral  
 (e.g., had lunch and attended lectures.)"
im existing not really feeling much today,"neutral  
 (e.g., had lunch and attended lectures.)"
i did deep clean my room yesterday,"neutral  
 (e.g., had lunch and attended lectures.)"
just going with the flow its that kind of day,"neutral  
 (e.g., had lunch and attended lectures.)"
mood neutral brain idle motivation meh,"neutral  
 (e.g., had lunch and attended lectures.)"
i feel like im on autopilot lately,"neutral  
 (e.g., had lunch and attended lectures.)"
sometimes its okay to just be in the middle,"neutral  
 (e.g., had lunch and attended lectures.)"
just floating through the day with no big feelings either way,"neutral  
 (e.g., had lunch and attended lectures.)"
the usual routine nothing new or exciting,"neutral  
 (e.g., had lunch and attended lectures.)"
watching time pass without much to report,"neutral  
 (e.g., had lunch and attended lectures.)"
another day another dollaror just another day,"neutral  
 (e.g., had lunch and attended lectures.)"
i am fine,"neutral  
 (e.g., had lunch and attended lectures.)"
i will do it later,"neutral  
 (e.g., had lunch and attended lectures.)"
it does not matter to me,"neutral  
 (e.g., had lunch and attended lectures.)"
i have no opinion,"neutral  
 (e.g., had lunch and attended lectures.)"
i do not know what is happening in my life,"neutral  
 (e.g., had lunch and attended lectures.)"
i do not care,"neutral  
 (e.g., had lunch and attended lectures.)"
ate dinner scrolled through insta now heading to bed,"neutral  
 (e.g., had lunch and attended lectures.)"
spent most of the day indoors weathers been okay,"neutral  
 (e.g., had lunch and attended lectures.)"
woke up late went to gym nothing special,"neutral  
 (e.g., had lunch and attended lectures.)"
sat in the canteen for hours doing nothing,"neutral  
 (e.g., had lunch and attended lectures.)"
nothing much today just went to class and came back,"neutral  
 (e.g., had lunch and attended lectures.)"
walked to class yawned came back,"neutral  
 (e.g., had lunch and attended lectures.)"
watched a movie now thinking of what to do next,"neutral  
 (e.g., had lunch and attended lectures.)"
brains on autopilot just waiting for the weekend,"neutral  
 (e.g., had lunch and attended lectures.)"
had class came back scrolled for hours same routine different day,"neutral  
 (e.g., had lunch and attended lectures.)"
im good,"neutral  
 (e.g., had lunch and attended lectures.)"
