text,emotion
finally passed exam stressed,Joy
alhamdulillah finally got project m happy,Joy
tomarrow s lecture cancel,Joy
happy today passed subject exam,Joy
finished book feel good,Joy
surprise lunch best friend month apart laughed nonstop made best memory heart full,Joy
really well presentation happy,Joy
m happy today everything feel right,Joy
m happy see,Joy
pas semester exam,Joy
everything feel light positive today genuinely enjoying every moment,Joy
thinking lover fill heart joy,Joy
dj tonight university,Joy
bike full tank petrol,Joy
m happy everything feel perfect ca nt stop smilinglife beautiful,Joy
next book favourite book series get published,Joy
feeling absolutely wonderful today,Joy
got selected course study,Joy
m talking favourite person,Joy
every thing well,Joy
received surprise birthday gift loved one,Joy
today great time best friend,Joy
m feeling incredibly happy right everything feel right ca nt stop smiling today truly good day,Joy
happy mood today,Joy
feeling happy right,Joy
m feeling happy today everything feel bright full possibility grateful little thing bring big smile,Joy
someone say love character,Joy
going trip next week,Joy
feel incredibly happy today alhamdhulilllahh,Joy
booked dream trip excited,Joy
today feel amazing overflowing happiness gratitude,Joy
m happy right ca nt stop smiling,Joy
seeing life partner,Joy
friend found good partner,Joy
met boyfriend one year felt happy,Joy
university life happy,Joy
selected foreign university,Joy
yaaaayyyyy super excited,Joy
m happy let know ve passed subject m eligible writer next semester exam nt even remember managed answer question,Joy
soo much fun much needed,Joy
got result passed flying color m happy relieved right,Joy
hey dude best,Joy
made may day,Joy
finally finished assignment deadline feeling happy relieved,Joy
arrange go atrip,Joy
m feeling really happy today everything feel good,Joy
feeling really happy right nowhad say hope re good day,Joy
feeling really happy todayjust one good day everything feel right,Joy
m lucky life,Joy
selected 4th year special honor degree,Joy
friend suddenly come house,Joy
m feeling happy right everything going well ca nt stop smiling,Joy
get credit favourite person,Joy
feeling absolutely amazing today everything feel right grateful little moment bring much happiness smiling nonstop sending good vibe way,Joy
m going home,Joy
achieved goal prayed,Joy
happy sharing information,Joy
tomorrow l go trip,Joy
returning home hostel,Joy
feel excited today,Joy
got best result exam,Joy
met friend yesterday unexpectedly,Joy
talking god parent,Joy
everything seems going right,Joy
happy understood tough concept statistic practical struggling day,Joy
felt joy saw name dean list semester result released,Joy
feel happy play nephew,Joy
got selected university badminton team,Joy
got good result semester exam,Joy
interfaculty football match,Joy
replied haha instead ignoring,Joy
got free lunch senior today,Joy
got first internship offer today,Joy
top rank class semester grinding paid,Joy
scored winning goal today felt amazing,Joy
got dream job let goooo,Joy
finally bought first bike stop smiling,Joy
perfect day favorite people,Joy
scored goal today s match,Joy
finally submitted assignment earlyfeeling accomplished,Joy
guess aced midterm,Joy
m looking great today,Joy
group project actually went well miracle happen,Joy
got internship offer todayi hyped,Joy
coffee friend lecture perfect day,Joy
got ticket dream concert,Joy
lecture cancelled today feel free,Joy
got great feedback professormade day,Joy
best study session ever felt productive,Joy
got admission dream university,Joy
presentation rocked still buzzing,Joy
vibing library good music stress,Joy
laughed hard today forgot worry,Joy
today perfect mix laughter sunshine,Joy
made someone smile today made day,Joy
finally finished tough taskso proud,Joy
nothing beat warm cozy feeling good meal,Joy
got surprise compliment totally made blush,Joy
today great day,Joy
successfully completed diploma,Joy
bought new car,Joy
weekend trip boy confirmed time chill,Joy
guess aced coding test guy right,Joy
guess aced coding test guy right,Joy
mom sent homemade biriyani hostel,Joy
finally got grade hoping forso relieved,Joy
lecturer ended class 30 minute early blessing,Joy
referee totally biased deserved win,Joy
met amazing people club fair today,Joy
bro finally nailed penalty shotfelt like pro,Joy
lecturer canceled quiz,Joy
actually understood everything today s lecture,Joy
got project approved first try,Joy
free coffee student lounge,Joy
found lost notebook,Joy
friend surprised snack class,Joy
scored better expected tough exam,Joy
caught campus bus time,Joy
weekend plan finally happeningca nt wait,Joy
recieving message long distance friend,Joy
woke early still felt fresh,Joy
lot people like status reply,Joy
suddenly see crush walking,Joy
got lot message birthday,Joy
friend went home say come today bring lunch home,Joy
exam got postponed extra study time thank universe,Joy
finally understood one topic hour felt like solving mystery,Joy
group project submitted 1 day early miracle happen,Joy
supervisor appreciated research idea felt validated,Joy
got appreciated lecturer presentation worth anxiety,Joy
internet go online viva small win matter,Joy
finally submitted final project week sleepless night,Joy
found past paper match syllabus blessing senior,Joy
got shortlisted internship dreamed,Joy
managed complete entire syllabus exam unreal true,Joy
favorite lecturer handling next semester tooyesss,Joy
supervisor appreciated research idea felt validated,Joy
class got early canteen favorite snack double joy,Joy
got placed dream company today moment,Joy
managed answer mcqs time endedfelt like win,Joy
finally got clearance form signedgraduation feel real,Joy
got project approved first attemptwhat relief,Joy
completed thesis presentation panel said outstanding,Joy
lab experiment worked perfectly first tryrare achievement,Joy
group selected best project department,Joy
peaceful evening journaling chaotic week,Joy
lab experiment worked perfectly first tryrare achievement,Joy
professor said could publish project research paper,Joy
finally ticked every course degree checklistrelief,Joy
surprised friend small party submission day,Joy
got first freelance client thanks portfolio created last month,Joy
team nailed hackathonit felt like sleepless night paid,Joy
finally got positive feedback supervisor week critique,Joy
peaceful weekend getaway final hustle begin,Joy
bumped old friend campus laughed like nothing changed,Joy
nt well assignment,Sadness
cry alone room nothing seems going right,Sadness
tired everything lately,Sadness
feeling low today,Sadness
well test feeling really low right,Sadness
today nt really feel today feel empty,Sadness
feeling really low today day weigh heavier others trying hold breathe,Sadness
passed mark lower hoped,Sadness
feeling really low today,Sadness
feel alone without,Sadness
feeling really today nothing seems going right feel emotionally drained,Sadness
heart feel heavy whenever think lover,Sadness
current gpa less 3,Sadness
feel really lowit s like s cloud ca nt shake,Sadness
favourite book character dy,Sadness
feeling really right,Sadness
s okay m used,Sadness
every sad situation brings big strength,Sadness
iam selected interview,Sadness
m pas exam,Sadness
lost money pawvch,Sadness
tomorrow exam day,Sadness
best friend moved another city,Sadness
studied hard eventhough got low result,Sadness
feeling really today like heavy cloud hanging seem shake hope tomorrow feel little lighter,Sadness
heart feel heavy,Sadness
feeling bit today sometimes thing go hoped hard shake heaviness hoping brighter moment soon,Sadness
message say lecture weekend well,Sadness
failed subject last exam,Sadness
s day feel today insha allah hope get track,Sadness
s really hard understand lecture english feel lost frustrated,Sadness
feeling really today one moment everything feel heavy,Sadness
feel like m cry,Sadness
someone saying living sad,Sadness
genocide gaza people,Sadness
boyfriend return abroad within 1 week feel sad,Sadness
feel lost everything life,Sadness
tried best got fail,Sadness
pain go expressed mere word feel like m falling abyss something heavy tug heart,Sadness
may way handled,Sadness
m feel good,Sadness
tried best thing go way hoped feeling really today,Sadness
miss closest person life,Sadness
studied really hard exam get mark expected feeling,Sadness
loss family member,Sadness
done life everything seems messed around stressed,Sadness
feeling bit today really sure one day guess,Sadness
feeling bit todayjust one day everything feel little heavier usual,Sadness
well feeling sad,Sadness
made cry infront everyone,Sadness
enough money help someone,Sadness
nt get result expected semester exam,Sadness
feel really today s like s heavy weight heart energy anything,Sadness
whenever get bad comment,Sadness
lately feeling really low one day everything feel bit heavier usual trying stay strong tough needed let,Sadness
best friend understands wrongly,Sadness
working 7 day week,Sadness
ca nt believe,Sadness
returning hostel home,Sadness
close friend avoid without reason,Sadness
im worried result,Sadness
time spent friend past,Sadness
think mother father,Sadness
nt get peaceful sleep,Sadness
iam good feel like heavy cloud hanging,Sadness
felt sad could nt attend important campus event travel home unexpectedly,Sadness
felt sad get mark expected internet programming assignment working hard,Sadness
failed important exam,Sadness
tomorrow go university,Sadness
oops failed exam,Sadness
laptop broken day ago felt lost,Sadness
could nt attend family function due semester exam,Sadness
best friend dropped semester,Sadness
canteen ran kottu got,Sadness
bike broke way uni,Sadness
favorite lecturer leaving university,Sadness
lost match last still believe,Sadness
failed driving test again feeling low,Sadness
left without saying goodbye,Sadness
get selected final team practice gone,Sadness
lost phone memory,Sadness
studied hard still well,Sadness
feeling homesick miss family,Sadness
dog died accident,Sadness
sometimes feel like falling behind everyone else,Sadness
overwhelming know keep,Sadness
skipped class today handle,Sadness
miss old day thought would,Sadness
university feel lonely sometimes,Sadness
cried bathroom presentation,Sadness
keep trying nothing seems work,Sadness
missed bus today walked office,Sadness
failed quiz thought okay,Sadness
exhausted pretending okay time,Sadness
smiling outside inside tired,Sadness
tried best still enough,Sadness
hurt people trust trust back,Sadness
sinking feeling plan fall apart last minute,Sadness
feel like everything bit heavy today,Sadness
miss thing used everything changed,Sadness
feel lonely sometimes,Sadness
s hard let go,Sadness
news made cry,Sadness
scored less expected disappointed,Sadness
attend best friend birthday feeling really bad,Sadness
lost project data laptop crashed,Sadness
favorite hoodie shrank wash,Sadness
get selected team feeling really,Sadness
rain ruined boy cricket match plan,Sadness
argument dad hate feeling,Sadness
matter hard try never feel enough,Sadness
sometimes feel like everyone one check,Sadness
nt get expected result,Sadness
missed assignment deadline minute,Sadness
lecturer accept excuse,Sadness
got low grade even studying hard,Sadness
group member contribute,Sadness
lost favorite pen exam,Sadness
looking forward class got canceled,Sadness
go home weekend,Sadness
friend ignored message day,Sadness
tired still much,Sadness
didnt recieve reply interview applied,Sadness
nt recieve good mark exam,Sadness
knew crush affair another girl,Sadness
favourite person message day along,Sadness
oh god m cry,Sadness
studied night question still came one topic skipped,Sadness
group project fell apart one part except,Sadness
submitted assignment 2 minute late system accept,Sadness
get selected campus interview really wanted,Sadness
practiced hard presentation mind went blank stage,Sadness
lecturer returned test paper mine red ink black,Sadness
finalyear project group falling apart due conflict,Sadness
got sick exam week missed important paper,Sadness
watched classmate celebrate silently struggled,Sadness
lost access note night exam,Sadness
got rejected internship hoping,Sadness
last semester already miss place,Sadness
tried speak class today stumbled felt embarrassed,Sadness
let go parttime job offer academic workload,Sadness
worked hard assignment got average mark,Sadness
attend farewell work project,Sadness
friend include name group submission,Sadness
name left graduation photo frame list mistake,Sadness
missed class totally lost topic,Sadness
watched junior batch perform better feeling behind,Sadness
parent expecting final semester grade,Sadness
missed class totally lost topic,Sadness
everyone celebrating still found job yet,Sadness
missed project deadline due health issue feel helpless,Sadness
farewell got cancelled unexpected campus restriction,Sadness
close friend drifted apart final semester,Sadness
able complete final project way envisioned,Sadness
spend birthday working report library alone,Sadness
class photo day rescheduled make,Sadness
gave best still reach selection round,Sadness
work groupmates nothing,Anger
worked hard still get selected unfair,Anger
annoyed worked hard group project still got low grade,Anger
someone picking call want talk,Anger
lied m mad,Anger
feeling really today nothing seems lift mood everything feel bit heavy carry one tough day,Anger
worked hard still got blamed fair,Anger
m really frustrated right okay,Anger
getting late please hurry,Anger
angry disappointed high hope everything fell apart,Anger
heart burn anger whenever think lover,Anger
today lecture 6 hour continuously,Anger
poya day lecture university,Anger
whenever hear read see injustice happens men,Anger
said wrong good thing,Anger
m angry ca nt believe happened trusted friend let,Anger
talking someone immature age,Anger
honestly really frustrated right,Anger
someone scold without making mistake,Anger
nt call m going talk,Anger
brother broke phone,Anger
treating others badly,Anger
someone blamed something nt,Anger
hard believe friend talk bad others,Anger
god please curse,Anger
really frustrated right thing go way honestly exhausting dealing issue,Anger
nt want anyone,Anger
really frustrated right unfair thing go way feel like one listening need change,Anger
someone speaks rudely,Anger
m done covering people even try,Anger
m feeling much frustrated,Anger
lecture weekend again feeling tired drained,Anger
really frustrated right patient situation keep repeating exhausting,Anger
give import phone talking,Anger
someone kicking cat,Anger
friend talk gossip angry,Anger
come near angry come surely hit please maintain distance,Anger
work hard assignment team member scold,Anger
regret trusting word known better audacity play victim mind boggling least courage accept wrongdoing without giving lame excuse,Anger
would nt even care said something else,Anger
promised help show frustrated disappointed,Anger
ll talk later,Anger
someone treat u badly,Anger
worked group project alone still group member complained frustrating,Anger
getting blamed wrong,Anger
mad right even explain frustrated feel go ll,Anger
honestly really frustrated right thing going way starting get,Anger
really frustrated right nowthings going way hard stay calm,Anger
nt make option,Anger
mother compared skill another,Anger
junior obeying u,Anger
m angry right nothing going right s really frustrating,Anger
someone bad thing,Anger
honestly really frustrated right feel like thing completely control enough tired patient nothing seems change,Anger
nt want talk,Anger
without participating group project one group member telling could done like,Anger
angry see attitude,Anger
nt need involve,Anger
someone scold without reason,Anger
even loved one also understand u,Anger
phone strucked important work,Anger
anyone hurt without mistake,Anger
lot work demonstrator praise support u,Anger
unnecessarily disturbing sleep,Anger
wo nt say anything,Anger
angry internet went important online lecture really needed attend,Anger
got angry laptop suddenly crashed right submitting assignment lm,Anger
iam really angry,Anger
friend nt obey word,Anger
group member nt care say,Anger
nt know happened blame,Anger
assignment got deleted right submission,Anger
someone blame without knowing truth,Anger
roommate used laptop without asking,Anger
group project everything,Anger
group mate ghosted submission day,Anger
wifi died online assignment,Anger
waited 2 hour queue said system,Anger
lost game lag frustrating,Anger
roommate used headphone without asking,Anger
plan set bailed last minute cool,Anger
waited hour even bother show inform,Anger
group mate anythingagain done,Anger
professor assign everything,Anger
laptop crashed saved assignment,Anger
marked absent even though,Anger
people talking class drive mad,Anger
people respected time thing mess,Anger
uni wifi always die submission,Anger
exam paper nothing like taught,Anger
believe admin lost document,Anger
replying text message,Anger
hate people take credit work,Anger
semester testing patience every level,Anger
kept quiet keep peace boiling inside,Anger
beyond fed taken granted,Anger
done excuse empty promise,Anger
keep explaining nobody listens,Anger
people think kindness weakness,Anger
losing patience faster thought would today,Anger
someone scratched bike even leave note,Anger
group project everything alone fed,Anger
trainer show session time wasted,Anger
group chat full meme project update,Anger
got blamed something even group,Anger
roommate took charger disappeared,Anger
people never listen properly first time,Anger
changed assignment deadline submitted,Anger
told want part dramaand dragged anyway,Anger
nt disrespectful like u always,Anger
always give lastminute assignment,Anger
group project ended everything,Anger
someone took seat pretended see,Anger
internet went submission,Anger
people talking loudly trying focus,Anger
lab got canceled waited 45 minute,Anger
lecturer marked absent even though,Anger
line 20 minutesstill food,Anger
roommate used stuff without asking,Anger
submission deadline message m way home rest,Anger
believe unfair grading,Anger
lecturer nt permit write exam less 80 attendance even s 79,Anger
someone left light fan leaving,Anger
lot thing department send message saying arrange several session physically,Anger
set project deadline impossible day,Anger
group mate show meeting still get grade,Anger
submitted assignment time portal crashed got marked late,Anger
got scolded using phone even though checking syllabus,Anger
changed exam schedule last minuteagain,Anger
question asked ignored test,Anger
waited 2 hour viva panel said come tomorrow,Anger
lecturer gave vague project instruction blame u delay,Anger
lost mark using time new roman seriously,Anger
wrote entire report teammate deleted without backup,Anger
lecturer uploaded note midnight expected u read 8 am,Anger
got blamed something group project even,Anger
changed exam schedule last minuteagain,Anger
lab equipment work got marked incomplete,Anger
system crashed project demoso unfair,Anger
lecturer changed assignment topic finished,Anger
worked day night one group member got credit,Anger
got interrupted presentingtwice,Anger
network online finalyear interview,Anger
get mark idea write properly,Anger
lecturer asked change night final submission,Anger
university admin misplaced fee receipt blamed,Anger
get mark idea write properly,Anger
repeat documentation three time due unclear instruction,Anger
marked late even though submitted time,Anger
lab assistant shut lab early without warning u lost unsaved work,Anger
another mandatory session scheduled final project prep,Anger
supervisor ignored email week blamed u delay,Anger
hard work dismissed formatting issue,Anger
nt informed syllabus change night exam,Anger
someone took credit part group project review,Anger
really scared final exam fail,Fear
low percentage attendance,Fear
really nervous exam tomorrow feel ready,Fear
nt text m scared,Fear
exam result released,Fear
feeling really anxious unsure going happen,Fear
feeling really anxious right mind keep racing ifs seem calm hope everything turn okay,Fear
exam near feel ready,Fear
really scared know,Fear
tomorrow project presentation,Fear
worried prepared enough everything fall apart,Fear
heart tremble fear whenever think lover,Fear
want present front 100 people,Fear
tomorrow deadline final submission,Fear
lizard traffic police,Fear
heart racing nt know going happeni feel nervous scared,Fear
getting notification exam result released tomorrow,Fear
feeling really edge right heart keep racing every little sound make jump,Fear
alone last night therefore scared,Fear
stay home alone,Fear
see exam papper,Fear
sleep night alone,Fear
got lost minute crowded place,Fear
tomorrow deliver unprepared speech,Fear
god please protect,Fear
feeling really anxious right mind stop racing help worry might go wrong wish could calm feel safe,Fear
mind racing stop worrying,Fear
feeling really anxious right sure going happen next hard calm mind hoping thing okay,Fear
get late night call relative,Fear
nt know going talk front panel,Fear
m struggling little bit feel like share thing need help handle,Fear
presentation tomorrow m scared ll spoil,Fear
feeling really scared right much uncertainty stop thinking might go wrong,Fear
iam shaking right,Fear
thing happen proper time,Fear
world war 3,Fear
think future time scared,Fear
dark feel fear,Fear
looking indifference people showing towards live genocide make scary especially think kind world child facing m state constant anxiety trying imagine shoe,Fear
s get repeated,Fear
big presentation tomorrow nervous mess front everyone,Fear
nt know tell exactly s happen know something happening,Fear
sound come midnight,Fear
tomorrow viva really nervous hope mess,Fear
losing loved one,Fear
heart racing feeling nervous uneasy nt idea next,Fear
feeling really anxious right mind racing seem shake uneasy feeling hoping thing calm soon,Fear
feeling really uneasy right nowmy mind keep racing shake nervous feeling,Fear
m afraid go dark,Fear
going face viva panel,Fear
walking alone night deserted place,Fear
m feeling really anxious nervous heart racing ca nt stop worrying might happen,Fear
feeling really anxious right mind stop racing tight feeling chest go away know coming next uncertainty overwhelming,Fear
nt submit assignment time,Fear
fear thinking professional exam,Fear
suddenly wake sleep due nightmare,Fear
nt show ca nt see,Fear
fail hard worked exam definitely fear next exam even also hard work,Fear
sleep night lonely,Fear
im afraid might fail,Fear
living among drug using society,Fear
saw big accident last week making feel bad scared,Fear
see parent getting old,Fear
something nt feel right,Fear
felt fear viva presentation worried might forget important point,Fear
felt fear lecturer suddenly called name answer question zoom session,Fear
public speech tomorrow,Fear
result released tomorrow,Fear
felt someone following passed cemetery,Fear
place full people feel nervous,Fear
exam start tomorrow prepared enough,Fear
forgot presentation slide exam day,Fear
lecturer said pop quiz smile,Fear
dean walked napping class,Fear
accidentally sent wrong file final submission,Fear
iam going exam,Fear
exam result tomorrow stop overthinking,Fear
got call bos idea,Fear
first day new university feeling super nervous,Fear
interview hour hand literally sweating,Fear
weird noise downstairs home alone,Fear
final coming feel ready,Fear
scared might fail course,Fear
guess wo nt pas exam,Fear
chose wrong major,Fear
think finish project time,Fear
gpa slipping terrifies,Fear
stomach knot thinking tomorrow,Fear
everyone else seems together except,Fear
afraid mess presentation tomorrow,Fear
get internship next,Fear
exam result released check link send,Fear
feel anxious even opening student portal,Fear
worry stress affecting health,Fear
feel like frozen unable move speak,Fear
focusmy brain stuck panic mode,Fear
feel edge like something bad lurking nearby,Fear
breathing feel shallow uneven get like,Fear
overthinking every word said today,Fear
waiting feel like torture mind racing,Fear
scared go alone,Fear
today first day work,Fear
one week final examination,Fear
health report coming today really scared,Fear
spotted something moving dark outside,Fear
flight turbulence getting worse hate,Fear
accidentally liked 2019 photo 2 am,Fear
nervous viva tomorrowi barely sleep,Fear
forgot id exam,Fear
heard strange noise house alone freaking,Fear
pas repeat semester,Fear
get uni applied stop worrying,Fear
ca nt watch horror movie,Fear
studied tomorrow exam,Fear
still heard back internship,Fear
presentation tomorrow slide ready,Fear
forgot bring id,Fear
submit wrong file,Fear
heart s racing every time get email notification,Fear
exam hall silenti could hear anxiety,Fear
remember anything revised,Fear
project evaluation tomorrow,Fear
awkward moment lecturer call name,Fear
meeting project supervisor,Fear
remember lot work idea experience,Fear
get message unknown number,Fear
project presentation scheduled tomorrow morning,Fear
exam hall silent forgot everything studied,Fear
lecturer asked explain diagram even see,Fear
result come today keep refreshing page trembling hand,Fear
deadline 3 hour laptop crashed,Fear
got randomly called present nt even half ready,Fear
thought submitted assignment turn click submit,Fear
finalyear viva tomorrow keep forgetting everything prepared,Fear
saw word surprise quiz board heart dropped,Fear
get job graduation,Fear
think messed final question mark,Fear
heard might revaluation want grade drop,Fear
getting cold foot presenting research panel expert,Fear
forgot bring id card final exam panicked hard,Fear
final result come next week sleep properly,Fear
lecturer said let quick test my brain froze,Fear
job interview lined feel underprepared,Fear
system froze submitting final project,Fear
fail complete credit requirement time,Fear
last one called vivaso much pressure,Fear
fail complete credit requirement time,Fear
know next degree feel lost,Fear
last one called vivaso much pressure,Fear
know manage job hunting project work exam,Fear
waiting final review feedbackif negative redo,Fear
peer getting offer still trying figure want,Fear
presenting front industry expert tomorrow heart racing already,Fear
leave university never see closest friend,Fear
waiting viva result feel like torturei keep overthinking,Fear
sure able complete project correction time,Fear
thought saying goodbye campus haunting already,Fear
class 8 4 today study,Neutral
today normal day nothing special,Neutral
okay s fine,Neutral
tomorrow online lecture full day,Neutral
got point ll catch later,Neutral
someone ask help,Neutral
feeling best today taking thing slow,Neutral
going regular day nothing exciting nothing stressful everything pretty normal right,Neutral
next class monday 8 l11,Neutral
nothing much going today normal day,Neutral
raining today ok,Neutral
everything fine nothing new usual routine,Neutral
heart feel calm whenever think lover,Neutral
found lizard dinner hostel canteen,Neutral
m going day usualnothing special happened everything feel pretty normal,Neutral
getting text reminder appointment next week,Neutral
going day usual,Neutral
passed course without getting good result,Neutral
m sitting like neutral,Neutral
feel goood without exam,Neutral
spent day usual routine,Neutral
today calm quiet day,Neutral
nothing much going today going usual routine taking thing come,Neutral
nothing exciting upsetting ordinary day,Neutral
ordinary daynothing special nothing bad taking thing come staying steady,Neutral
completed part task,Neutral
tomorrow lecture 2 hour,Neutral
going day usual nothing exciting stressfuleverything pretty routine,Neutral
thing happening smooth,Neutral
j usually nt express feeling always laughing even terrible situation mostly s neutral,Neutral
went temple pray family,Neutral
see m glad able come hope re better,Neutral
nothing new everything happening daily routine,Neutral
regular daynothing exciting nothing bad going flow,Neutral
let s see go,Neutral
every morning sunrise,Neutral
another normal day unilectures lunch heading back hostel nothing special today,Neutral
homely cooked meal,Neutral
nothing much going todayjust regular day m feeling okay going flow,Neutral
nothing much going onjust regular day feeling pretty neutral good bad,Neutral
hmm ahh ok,Neutral
miss university bus,Neutral
m feeling okay today nothing special happenedjust normal regular day,Neutral
nothing much importance,Neutral
nothing exciting going today going motion getting thing done keeping thing steady one average daysnot bad great just okay,Neutral
going trip friend,Neutral
get lunch proper time,Neutral
90 mostly life going line ever happened accept neutrally otherwise option,Neutral
finished work perfectly,Neutral
nothing special going,Neutral
m unjustly accused,Neutral
finished work day relaxing bit,Neutral
felt neutral waiting next class start scrolling note,Neutral
felt neutral copying note lecture without really thinking content,Neutral
fear losing others,Neutral
got new message group chat,Neutral
today lecture cancelled held tomorrow,Neutral
attended lecture came back hostel,Neutral
went class played cricket afterward,Neutral
charged phone watched meme survived day,Neutral
attended lab ate bun came back,Neutral
went class scrolled instagram came home,Neutral
finished assignment watching tv,Neutral
went class took note came back home,Neutral
cleaned room laundry nothing much,Neutral
attended lecture today pretty regular day,Neutral
quiet day got work done,Neutral
attended lecture came back nothing special,Neutral
routine eat class study sleep,Neutral
regular day surviving thriving,Neutral
bad great average like always,Neutral
drama today thankfully vibe,Neutral
finished chore scrolling without purpose,Neutral
library lunch lecturerepeat,Neutral
existing really feeling much today,Neutral
deep clean room yesterday,Neutral
going flow kind day,Neutral
mood neutral brain idle motivation meh,Neutral
feel like autopilot lately,Neutral
sometimes okay middle,Neutral
floating day big feeling either way,Neutral
usual routine nothing new exciting,Neutral
watching time pas without much report,Neutral
another day another dollaror another day,Neutral
know happening life,Neutral
ate dinner scrolled insta heading bed,Neutral
spent day indoors weather s okay,Neutral
woke late went gym nothing special,Neutral
sat canteen hour nothing,Neutral
nothing much today went class came back,Neutral
walked class yawned came back,Neutral
watched movie thinking next,Neutral
brain autopilot waiting weekend,Neutral
class came back scrolled hours routine different day,Neutral
another regular day campus,Neutral
lunch fine nothing special,Neutral
sat whole lecture barely absorbed anything,Neutral
got campus work heading home,Neutral
get picked alright,Neutral
nothing major happened today,Neutral
routine different day,Neutral
event information message,Neutral
finished everything checklist,Neutral
sleep eat well,Neutral
normal message getting club group joining,Neutral
message ex best friend,Neutral
took note class nothing special usual routine,Neutral
finished assignment submitted one task list,Neutral
attended lab session required nothing,Neutral
reviewed note submitted assignment helped friend prep interview,Neutral
watched recorded lecture okay nothing exciting,Neutral
checked timetable joined zoom class time,Neutral
woke revised bit attended class went back bed,Neutral
another regular day campus lecture break lecture,Neutral
another day research project meeting nothing new,Neutral
library quiet got reading done nothing remarkable,Neutral
sat lecture boring interesting either,Neutral
tea roommate talked life graduation,Neutral
revised topic guess s part process,Neutral
one day nothing went wrong right,Neutral
downloaded lecture note read page closed,Neutral
woke reading responded project email nothing major,Neutral
filled attendance listened lecture,Neutral
woke reading responded project email nothing major,Neutral
rewatched yesterday class average content,Neutral
lab open today sat coded hour,Neutral
printed project file met supervisor walked home quietly,Neutral
rewatched yesterday class average content,Neutral
normal dayrevised note cleaned room took nap,Neutral
attended project meeting helped junior assignment,Neutral
another day sitting library laptop coffee,Neutral
woke late missed breakfast worked documentation scrolled endlessly,Neutral
day passed nothing significant schedule different date,Neutral
revised topic coffee friend came back homenothing much,Neutral
cleaned room recharged device updated task listsjust maintenance mode,Neutral
woke stared screen hour minimum work required,Neutral
