message,emotion,label
finally passed exam stressed,joy,0
alhamdulillah finally got project im happy,joy,0
tomarrows lecture cancel,joy,0
excited,joy,0
im happy today passed subjects exam,joy,0
heyyyyyyyyyyyy,joy,0
pass exam,joy,0
finished book feel good,joy,0
surprise lunch best friends months apart laughed nonstop made best memories heart full,joy,0
really well presentation im happy,joy,0
happy,joy,0
im happy todayeverything feels right,joy,0
im happy see,joy,0
pass semester exam,joy,0
happy,joy,0
everything feels light positive today im genuinely enjoying every moment,joy,0
thinking lover fills heart joy,joy,0
pass exam,joy,0
dj tonight university,joy,0
bike full tank petrol,joy,0
im happy,joy,0
vacation,joy,0
feeling joy,joy,0
im happy everything feels perfectand cant stop smilinglife beautiful,joy,0
next book favourite book series gets published,joy,0
im feeling absolutely wonderful today,joy,0
got selected course study,joy,0
praise almighty,joy,0
friends,joy,0
happy always,joy,0
visit foreign,joy,0
im talking favourite person,joy,0
every thing well,joy,0
watching cricket,joy,0
family,joy,0
received surprise birthday gift loved ones,joy,0
today great time best friend,joy,0
praise god,joy,0
im feeling incredibly happy right everything feels right cant stop smiling today truly good day,joy,0
happy mood today,joy,0
im feeling happy right,joy,0
im feeling happy today everything feels bright full possibilities grateful little things bring big smiles,joy,0
someone says love character,joy,0
going trip next week,joy,0
feel incredibly happy today alhamdhulilllahh,joy,0
booked dream trip excited,joy,0
today feels amazing im overflowing happiness gratitude,joy,0
im happy right cant stop smiling,joy,0
seeing life partner,joy,0
im excited,joy,0
friend found good partner,joy,0
hehe,joy,0
met boyfriend one year felt happy,joy,0
waw,joy,0
university life happy,joy,0
selected foreign university,joy,0
yaaaayyyyy im super excited,joy,0
im happy let know ive passed subjects im eligible writer next semester exams dont even remember managed answer questions,joy,0
soo much fun much needed,joy,0
enjoy,joy,0
got results passed flying colors im happy relieved right,joy,0
hurray,joy,0
hey dude best,joy,0
made may day,joy,0
good favorite,joy,0
finally finished assignment deadline feeling happy relieved,joy,0
arrange go atrip,joy,0
im feeling really happy today everything feels good,joy,0
feeling really happy right nowhad say hope youre good day,joy,0
feeling really happy todayjust one good days everything feels right,joy,0
alhamdulillah,joy,0
hey whats,joy,0
im lucky life,joy,0
chilll brooo,joy,0
fine,joy,0
selected 4th year special honors degree,joy,0
friends suddenly come house,joy,0
university trip,joy,0
im feeling happy right everything going well cant stop smiling,joy,0
get credit favourite person,joy,0
im feeling absolutely amazing today everything feels right im grateful little moments bring much happiness smiling nonstop sending good vibes way,joy,0
happy,joy,0
im going home,joy,0
achieved goal prayed,joy,0
happy,joy,0
happy sharing information,joy,0
tomorrow l go trip,joy,0
going trip,joy,0
im happy,joy,0
returning home hostel,joy,0
successed career,joy,0
feel excited today,joy,0
got best results exam,joy,0
met friends yesterday unexpectedly,joy,0
talking god parents,joy,0
everything seems going right,joy,0
happy understood tough concept statistics practical struggling days,joy,0
felt joy saw name deans list semester results released,joy,0
iam happy,joy,0
passed examinations,joy,0
going home,joy,0
excited,joy,0
feel happy play nephew,joy,0
got selected university badminton team,joy,0
got good result semester exam,joy,0
interfaculty football match,joy,0
replied haha instead ignoring,joy,0
got free lunch senior today,joy,0
got first internship offer today,joy,0
good day,joy,0
top rank class semester grinding paid,joy,0
scored winning goal today felt amazing,joy,0
got dream job lets goooo,joy,0
finally bought first bike cant stop smiling,joy,0
perfect day favorite people,joy,0
scored goal todays match,joy,0
finally submitted assignment earlyfeeling accomplished,joy,0
guess aced midterm,joy,0
im looking great today,joy,0
group project actually went well miracles happen,joy,0
got internship offer todayim hyped,joy,0
coffee friends lectures perfect day,joy,0
got tickets dream concert,joy,0
lectures cancelled today feel free,joy,0
got great feedback professormade day,joy,0
best study session ever felt productive,joy,0
got admission dream university,joy,0
presentation rocked im still buzzing,joy,0
vibing library good music stress,joy,0
laughed hard today forgot worries,joy,0
today perfect mix laughter sunshine,joy,0
made someone smile today made day,joy,0
finally finished tough taskso proud,joy,0
nothing beats warm cozy feeling good meal,joy,0
got surprise compliment totally made blush,joy,0
made smile,joy,0
today great day,joy,0
proud,joy,0
excited weekend,joy,0
successfully completed diploma,joy,0
bought new car,joy,0
weekend trip boys confirmed time chill,joy,0
guess aced coding test guy right,joy,0
guess aced coding test guy right,joy,0
mom sent homemade biriyani hostel,joy,0
finally got grade hoping forso relieved,joy,0
lecturer ended class 30 minutes early blessing,joy,0
referee totally biased deserved win,joy,0
met amazing people club fair today,joy,0
bro finally nailed penalty shotfelt like pro,joy,0
praise almighty,joy,0
didnt well assignment,sadness,1
ive crying alone room nothing seems going right,sadness,1
tired everything lately,sadness,1
feeling low today,sadness,1
didnt well test feeling really low right,sadness,1
ok noted,sadness,1
someone understand,sadness,1
today dont really feel today feel empty,sadness,1
feeling really low today days weigh heavier others trying hold breathe,sadness,1
passed marks lower hoped,sadness,1
miss,sadness,1
feeling really low today,sadness,1
feel alone without,sadness,1
breakup,sadness,1
sad,sadness,1
feeling really today nothing seems going right feel emotionally drained,sadness,1
heart feels heavy whenever think lover,sadness,1
repeated exam,sadness,1
current gpa less 3,sadness,1
rules,sadness,1
mind everything,sadness,1
next exam,sadness,1
feeling sad,sadness,1
feel really lowits like theres cloud cant shake,sadness,1
favourite book character dies,sadness,1
im feeling really right,sadness,1
purse missed,sadness,1
okay im used,sadness,1
scolding parents,sadness,1
every sad situation brings big strength,sadness,1
iam selected interview,sadness,1
im pass exam,sadness,1
lost money pawvch,sadness,1
tomorrow exam day,sadness,1
alone,sadness,1
best friend moved another city,sadness,1
studied hard eventhough got low result,sadness,1
cant,sadness,1
im feeling really today like heavy cloud hanging cant seem shake hope tomorrow feels little lighter,sadness,1
problem,sadness,1
heart feels heavy,sadness,1
feeling bit today sometimes things dont go hoped hard shake heaviness hoping brighter moments soon,sadness,1
message says lectures weekends well,sadness,1
failed subject last exam,sadness,1
day feel today insha allah hope get track,sadness,1
really hard understand lectures english feel lost frustrated,sadness,1
im feeling really today one moments everything feels heavy,sadness,1
feel like im crying,sadness,1
someone saying living sad,sadness,1
cant stop crying,sadness,1
genocides gaza people,sadness,1
sad,sadness,1
boyfriend return abroad within 1 week feel sad,sadness,1
hmm,sadness,1
feel lost everything life,sadness,1
tried best got fail,sadness,1
huh im alright,sadness,1
pain go expressed mere words feel like im falling abyss something heavy tugs heart,sadness,1
may way handled,sadness,1
im feel good,sadness,1
tried best things didnt go way hoped feeling really today,sadness,1
changed lot,sadness,1
miss moments,sadness,1
miss closest person life,sadness,1
studied really hard exam didnt get marks expected feeling,sadness,1
loss family member,sadness,1
done life everything seems messed around stressed,sadness,1
feeling bit today really sure one days guess,sadness,1
feeling bit todayjust one days everything feels little heavier usual,sadness,1
hasbunallah,sadness,1
well feeling sad,sadness,1
made cry infront everyone,sadness,1
need theraphy,sadness,1
well,sadness,1
enough money help someone,sadness,1
didnt get results expected semester exam,sadness,1
arriyerreferd,sadness,1
feel really today like theres heavy weight heart dont energy anything,sadness,1
whenever get bad comments,sadness,1
lately ive feeling really low one days everything feels bit heavier usual im trying stay strong tough needed let,sadness,1
worry,sadness,1
im tired,sadness,1
best friend understands wrongly,sadness,1
feel sorry,sadness,1
sad hearing,sadness,1
unlucky today,sadness,1
working 7 days week,sadness,1
cant believe,sadness,1
returning hostel home,sadness,1
close friend avoid without reason,sadness,1
im worried results,sadness,1
time spent friends past,sadness,1
think mother father,sadness,1
dont get peaceful sleep,sadness,1
iam good feels like heavy cloud hanging,sadness,1
felt sad couldnt attend important campus event travel home unexpectedly,sadness,1
felt sad didnt get mark expected internet programming assignment working hard,sadness,1
feel sad,sadness,1
failed important exam,sadness,1
tomorrow go university,sadness,1
oops failed exam,sadness,1
laptop broken days ago felt lost,sadness,1
couldnt attend family function due semester exam,sadness,1
failed subject,sadness,1
best friend dropped semester,sadness,1
canteen ran kottu got,sadness,1
bike broke way uni,sadness,1
favorite lecturer leaving university,sadness,1
iam alone,sadness,1
lost match last still cant believe,sadness,1
failed driving test feeling low,sadness,1
left without saying goodbye,sadness,1
didnt get selected final team practice gone,sadness,1
lost phone memories,sadness,1
missing dad,sadness,1
studied hard still didnt well,sadness,1
feeling homesick miss family,sadness,1
dog died accident,sadness,1
sometimes feel like im falling behind everyone else,sadness,1
overwhelming dont know keep,sadness,1
skipped class today couldnt handle,sadness,1
miss old days thought would,sadness,1
university feel lonely sometimes,sadness,1
cried bathroom presentation,sadness,1
keep trying nothing seems work,sadness,1
missed bus today walked office,sadness,1
failed quiz thought okay,sadness,1
im exhausted pretending im okay time,sadness,1
smiling outside inside im tired,sadness,1
tried best still wasnt enough,sadness,1
hurts people trust dont trust back,sadness,1
sinking feeling plans fall apart last minute,sadness,1
feels like everything bit heavy today,sadness,1
miss things used everything changed,sadness,1
feel lonely sometimes,sadness,1
hard let go,sadness,1
news made cry,sadness,1
expect happen,sadness,1
worthless,sadness,1
lost wallet,sadness,1
scored less expected disappointed,sadness,1
couldnt attend best friends birthday feeling really bad,sadness,1
lost project data laptop crashed,sadness,1
favorite hoodie shrank wash,sadness,1
didnt get selected team feeling really,sadness,1
rain ruined boys cricket match plan,sadness,1
argument dad hate feeling,sadness,1
matter hard try never feels enough,sadness,1
sometimes feel like im everyone one checks,sadness,1
didnt get expected results,sadness,1
work groupmates nothing,anger,2
worked hard still didnt get selected unfair,anger,2
unfair,anger,2
really unfair,anger,2
im annoyed worked hard group project still got low grade,anger,2
hm,anger,2
someone picking call want talk,anger,2
lied im mad,anger,2
bye,anger,2
im feeling really today nothing seems lift mood everything feels bit heavy carry one tough days,anger,2
worked hard still got blamed fair,anger,2
repeat,anger,2
im really frustrated right nowthis isnt okay,anger,2
getting late please hurry,anger,2
bike break,anger,2
anger,anger,2
im angry disappointed high hopes everything fell apart,anger,2
heart burns anger whenever think lover,anger,2
today lectures 6 hours continuously,anger,2
poya day lecture university,anger,2
whenever hear read see injustice happens men,anger,2
kill,anger,2
said wrong good thing,anger,2
feeling anger,anger,2
im angry cant believe happened trusted friends let,anger,2
talking someone immature age,anger,2
im honestly really frustrated right,anger,2
someone scolds without making mistakes,anger,2
dont call im going talk,anger,2
hearing gossips,anger,2
think,anger,2
friends cheating,anger,2
someone ignored,anger,2
brother broke phone,anger,2
treating others badly,anger,2
wasting time,anger,2
someone blamed something didnt,anger,2
hard believe friend talk bad others,anger,2
god please curse,anger,2
im really frustrated right things didnt go way honestly exhausting dealing issues,anger,2
dont want anyone,anger,2
im angry right,anger,2
im really frustrated right unfair things dont go way feels like ones listening needs change,anger,2
someone speaks rudely,anger,2
im done covering people dont even try,anger,2
im feeling much frustrated,anger,2
lectures weekend feeling tired drained,anger,2
im really frustrated right ive patient situation keeps repeating exhausting,anger,2
im tired,anger,2
give import phone talking,anger,2
im done,anger,2
someone kicking cats,anger,2
omg,anger,2
friends talk gossip angry,anger,2
mind business,anger,2
come near angry come surely hit please maintain distance,anger,2
work hard assignment team members scold,anger,2
freak,anger,2
regret trusting words known better audacity play victim mind boggling least courage accept wrongdoing without giving lame excuses,anger,2
wouldnt even care said something else,anger,2
away,anger,2
promised help didnt show im frustrated disappointed,anger,2
ill talk later,anger,2
sure face,anger,2
someone treat us badly,anger,2
worked group project alone still group members complained frustrating,anger,2
getting blamed im wrong,anger,2
im mad right cant even explain frustrated feel go hell,anger,2
im honestly really frustrated right things arent going way starting get,anger,2
im really frustrated right nowthings arent going way hard stay calm,anger,2
ohhh shitttt,anger,2
ohh okay,anger,2
cheated,anger,2
go hell,anger,2
well,anger,2
dont make option,anger,2
mother compared skills another,anger,2
junior obeying us,anger,2
im angry right nothing going right really frustrating,anger,2
someone bad things,anger,2
im honestly really frustrated right feels like things completely control ive enough im tired patient nothing seems change,anger,2
angry,anger,2
dont want talk,anger,2
without participating group project one group member telling could done like,anger,2
angry,anger,2
angry see attitude,anger,2
dont need involve,anger,2
someone scolds without reason,anger,2
kill,anger,2
even loved one also understand us,anger,2
nothing,anger,2
phone strucked important work,anger,2
happen,anger,2
anyone hurts without mistakes,anger,2
lot workbut demonstrator didnt praise support us,anger,2
unnecessarily disturbing sleep,anger,2
wont say anything,anger,2
angry internet went important online lecture really needed attend,anger,2
got angry laptop suddenly crashed right submitting assignment lms,anger,2
iam really angry,anger,2
friend didnt obey words,anger,2
group member doesnt care say,anger,2
cut line,anger,2
doesnt know happened blames,anger,2
assignment got deleted right submission,anger,2
someone blames without knowing truth,anger,2
roommate used laptop without asking,anger,2
group project everything,anger,2
group mates ghosted submission day,anger,2
wifi died online assignment,anger,2
iam frustrated,anger,2
waited 2 hours queue said system,anger,2
lost game lag frustrating,anger,2
roommate used headphones without asking,anger,2
plans set bailed last minute cool,anger,2
waited hour didnt even bother show inform,anger,2
lectures sunday,anger,2
group mates didnt anythingagain im done,anger,2
professors assign everything,anger,2
cheated,anger,2
laptop crashed saved assignment,anger,2
marked absent even though,anger,2
people talking class drives mad,anger,2
people respected time things wouldnt mess,anger,2
uni wifi always die submissions,anger,2
exam paper nothing like taught,anger,2
cant believe admin lost documents,anger,2
replying text messages,anger,2
hate people take credit work,anger,2
semester testing patience every level,anger,2
kept quiet keep peace im boiling inside,anger,2
im beyond fed taken granted,anger,2
done excuses empty promises,anger,2
keep explaining nobody listens,anger,2
people think kindness weakness,anger,2
losing patience faster thought would today,anger,2
really unfair,anger,2
frustrating,anger,2
believe,anger,2
tired,anger,2
betrayed,anger,2
someone scratched bike didnt even leave note,anger,2
group project im everything alone fed,anger,2
trainer didnt show session time wasted,anger,2
group chat full memes project updates,anger,2
got blamed something didnt even group,anger,2
roommate took charger disappeared,anger,2
people never listen properly first time,anger,2
changed assignment deadline submitted,anger,2
told didnt want part dramaand dragged anyway,anger,2
dont disrespectful like u always,anger,2
presentation tomorrow,fear,3
im really scared final exam fail,fear,3
low percentage attendance,fear,3
makes nervous,fear,3
im really nervous exam tomorrow dont feel ready,fear,3
dont text im scared,fear,3
exam results released,fear,3
im feeling really anxious unsure whats going happen,fear,3
bye,fear,3
im feeling really anxious right mind keeps racing ifs cant seem calm hope everything turns okay,fear,3
exams near dont feel ready,fear,3
semester,fear,3
im really scared dont know,fear,3
tomorrow project presentation,fear,3
fear,fear,3
fear,fear,3
im worried im prepared enough everything falls apart,fear,3
heart trembles fear whenever think lover,fear,3
want present front 100 people,fear,3
tomorrow deadline final submission,fear,3
lizard traffic police,fear,3
feel scare,fear,3
alone hostel,fear,3
feeling fear,fear,3
heart racingi dont know going happeni feel nervous scared,fear,3
getting notification exam results released tomorrow,fear,3
im feeling really edge right heart keeps racing every little sound makes jump,fear,3
alone last night therefore scared,fear,3
im afraid,fear,3
alone,fear,3
well,fear,3
stay home alone,fear,3
see results,fear,3
see exam papper,fear,3
sleep night alone,fear,3
seeing gost,fear,3
got lost minutes crowded place,fear,3
tomorrow deliver unprepared speech,fear,3
god please protect,fear,3
im feeling really anxious right mind wont stop racing cant help worry might go wrong wish could calm feel safe,fear,3
scared,fear,3
mind racing cant stop worrying,fear,3
im feeling really anxious right sure whats going happen next hard calm mind hoping things okay,fear,3
get late night calls relatives,fear,3
dont know going talk front panel,fear,3
im struggling little bit feel like share things need help handle,fear,3
presentation tomorrow im scared ill spoil,fear,3
im feeling really scared right theres much uncertainty cant stop thinking might go wrong,fear,3
iam shaking right,fear,3
things doesnt happen proper time,fear,3
explanations,fear,3
world war 3,fear,3
sad,fear,3
think futurethat time scared,fear,3
ohwhat,fear,3
dark feel fear,fear,3
tomorrow exam,fear,3
im anxious,fear,3
looking indifference people showing towards live genocide makes scary especially think kind world child facing im state constant anxiety trying imagine shoes,fear,3
whats get repeated,fear,3
enough,fear,3
big presentation tomorrow im nervous mess front everyone,fear,3
aiyo,fear,3
dont know tell exactly whats happen know something happening,fear,3
really unfair,fear,3
sound come midnight,fear,3
tomorrow viva im really nervous hope dont mess,fear,3
losing loved one,fear,3
heart racing feeling nervous uneasy dont ideas next,fear,3
im feeling really anxious right minds racing cant seem shake uneasy feeling hoping things calm soon,fear,3
im feeling really uneasy right nowmy mind keeps racing cant shake nervous feeling,fear,3
oh god,fear,3
whaaat really,fear,3
im afraid go dark,fear,3
bro seriously,fear,3
well,fear,3
going face viva panel,fear,3
walking alone night deserted place,fear,3
examination,fear,3
im feeling really anxious nervous heart racing cant stop worrying might happen,fear,3
see ghost,fear,3
im feeling really anxious right mind wont stop racing theres tight feeling chest wont go away dont know whats coming next uncertainty overwhelming,fear,3
scared,fear,3
dont want,fear,3
didnt submit assignment time,fear,3
nervous,fear,3
fear thinking professional exam,fear,3
hands severing,fear,3
suddenly wake sleep due nightmare,fear,3
dont show cant see,fear,3
fail hard worked exam definitely fear next exam even also hard work,fear,3
sleep night lonely,fear,3
im afraid might fail,fear,3
living among drugs using society,fear,3
im afraid,fear,3
saw big accident last week making feel bad scared,fear,3
see parents getting old,fear,3
something doesnt feel right,fear,3
felt fear viva presentation worried might forget important points,fear,3
felt fear lecturer suddenly called name answer question zoom session,fear,3
iam scared,fear,3
public speech tomorrow,fear,3
results released tomorrow,fear,3
felt someone following passed cemetery,fear,3
place full people feel nervous,fear,3
exams start tomorrow havent prepared enough,fear,3
attend interview,fear,3
forgot presentation slides exam day,fear,3
lecturer said pop quiz smile,fear,3
dean walked napping class,fear,3
accidentally sent wrong file final submission,fear,3
iam going exam,fear,3
exam results tomorrow cant stop overthinking,fear,3
got call boss idea,fear,3
first day new university feeling super nervous,fear,3
interview hour hands literally sweating,fear,3
theres weird noise downstairs im home alone,fear,3
intreview tomorrow,fear,3
finals coming dont feel ready,fear,3
im scared might fail course,fear,3
guess wont pass exams,fear,3
chose wrong major,fear,3
dont think ill finish project time,fear,3
gpa slipping terrifies,fear,3
stomach knots thinking tomorrow,fear,3
everyone else seems together except,fear,3
im afraid ill mess presentation tomorrow,fear,3
dont get internship whats next,fear,3
exam results released check link send,fear,3
feel anxious even opening student portal,fear,3
worry stress affecting health,fear,3
feel like im frozen unable move speak,fear,3
cant focusmy brains stuck panic mode,fear,3
feel edge like something bad lurking nearby,fear,3
breathing feels shallow uneven get like,fear,3
overthinking every word said today,fear,3
waiting feels like torture minds racing,fear,3
scared go alone,fear,3
feel safe,fear,3
noise scared,fear,3
stop worrying,fear,3
today first day work,fear,3
one week final examination,fear,3
health report coming today really scared,fear,3
spotted something moving dark outside,fear,3
flight turbulence getting worse hate,fear,3
accidentally liked 2019 photo 2,fear,3
im nervous viva tomorrowi barely sleep,fear,3
forgot id exam,fear,3
heard strange noises house alone freaking,fear,3
dont pass repeat semester,fear,3
dont get uni applied cant stop worrying,fear,3
cant watch horror movies,fear,3
submitted assignment,neutral,4
classes 8 4 today ill study,neutral,4
today normal day nothing special,neutral,4
okay thats fine,neutral,4
tomorrow online lectures full day,neutral,4
got point ill catch later,neutral,4
someone ask help,neutral,4
im feeling best today taking things slow,neutral,4
hi,neutral,4
going regular day nothing exciting nothing stressful everythings pretty normal right,neutral,4
next class monday 8 l11,neutral,4
fail,neutral,4
nothing much going today normal day,neutral,4
raining today ok,neutral,4
handsome boy,neutral,4
neuter,neutral,4
everythings fine nothing new usual routine,neutral,4
heart feels calm whenever think lover,neutral,4
found lizard dinner hostel canteen,neutral,4
brush teeth,neutral,4
always neutral,neutral,4
fine,neutral,4
okay,neutral,4
feeling neutral,neutral,4
im going day usualnothing special happenedand everything feels pretty normal,neutral,4
getting text reminder appointment next week,neutral,4
going day usual,neutral,4
passed course without getting good result,neutral,4
hi,neutral,4
follow routine,neutral,4
okay,neutral,4
study hard,neutral,4
im sitting like neutral,neutral,4
feel goood without exam,neutral,4
cook,neutral,4
studying time,neutral,4
spent day usual routine,neutral,4
today calm quiet day,neutral,4
good,neutral,4
nothing much going today going usual routine taking things come,neutral,4
ok,neutral,4
nothing exciting upsetting ordinary day,neutral,4
ordinary daynothing special nothing bad taking things come staying steady,neutral,4
studying everyday,neutral,4
ive completed part task,neutral,4
everything fine,neutral,4
tomorrow lectures 2 hours,neutral,4
going day usual nothing exciting stressfuleverythings pretty routine,neutral,4
feeling better,neutral,4
things happening smooth,neutral,4
well,neutral,4
someone misunderstanding,neutral,4
j usually dont express feelings always laughing even terrible situation mostly neutral,neutral,4
went temple pray family,neutral,4
ok,neutral,4
nothing,neutral,4
sleepy,neutral,4
cool buddy,neutral,4
see im glad able come hope youre better,neutral,4
nothing new everything happening daily routine,neutral,4
always neutral,neutral,4
regular daynothing exciting nothing bad going flow,neutral,4
mm okay,neutral,4
im okey,neutral,4
lets see goes,neutral,4
every morning sunrises,neutral,4
another normal day unilectures lunch heading back hostel nothing special today,neutral,4
homely cooked meal,neutral,4
blank,neutral,4
nothing much going todayjust regular day im feeling okay going flow,neutral,4
nothing much going onjust regular day im feeling pretty neutral good bad,neutral,4
nice,neutral,4
hi,neutral,4
im okay,neutral,4
hmm ahh ok,neutral,4
fine,neutral,4
going sleep,neutral,4
miss university bus,neutral,4
classroom,neutral,4
im feeling okay today nothing special happenedjust normal regular day,neutral,4
nothing much importance,neutral,4
nothing exciting going today going motions getting things done keeping things steady one average daysnot bad great okay,neutral,4
normal,neutral,4
im ok,neutral,4
going trip friends,neutral,4
ok,neutral,4
ok,neutral,4
fine,neutral,4
get lunch proper time,neutral,4
im ok,neutral,4
90 mostly life going line ever happened accept neutrally otherwise option,neutral,4
lectures time,neutral,4
hello,neutral,4
finished work perfectly,neutral,4
nothing special going,neutral,4
im unjustly accused,neutral,4
finished works day relaxing bit,neutral,4
felt neutral waiting next class start scrolling notes,neutral,4
felt neutral copying notes lecture without really thinking content,neutral,4
iam okay,neutral,4
lecture today,neutral,4
fear losing others,neutral,4
got new messages group chat,neutral,4
today lecture cancelled held tomorrow,neutral,4
attended lectures came back hostel,neutral,4
lecture canceled,neutral,4
went class played cricket afterward,neutral,4
charged phone watched memes survived day,neutral,4
attended lab ate bun came back,neutral,4
went class scrolled instagram came home,neutral,4
may tomorrow,neutral,4
finished assignments watching tv,neutral,4
went class took notes came back home,neutral,4
cleaned room laundry nothing much,neutral,4
attended lectures today pretty regular day,neutral,4
quiet day got work done thats,neutral,4
dinner,neutral,4
attended lectures came back nothing special,neutral,4
routine eat class study sleep,neutral,4
took nap,neutral,4
regular day im surviving thriving,neutral,4
bad great average like always,neutral,4
drama today thankfully vibes,neutral,4
finished chores scrolling without purpose,neutral,4
library lunch lecturerepeat thats,neutral,4
campus quiet,neutral,4
im existing really feeling much today,neutral,4
deep clean room yesterday,neutral,4
going flow kind day,neutral,4
mood neutral brain idle motivation meh,neutral,4
feel like im autopilot lately,neutral,4
sometimes okay middle,neutral,4
floating day big feelings either way,neutral,4
usual routine nothing new exciting,neutral,4
watching time pass without much report,neutral,4
another day another dollaror another day,neutral,4
fine,neutral,4
later,neutral,4
matter,neutral,4
opinion,neutral,4
know happening life,neutral,4
care,neutral,4
ate dinner scrolled insta heading bed,neutral,4
spent day indoors weathers okay,neutral,4
woke late went gym nothing special,neutral,4
sat canteen hours nothing,neutral,4
nothing much today went class came back,neutral,4
walked class yawned came back,neutral,4
watched movie thinking next,neutral,4
brains autopilot waiting weekend,neutral,4
class came back scrolled hours routine different day,neutral,4
im good,neutral,4
