text,emotion
finally passed exam stressed,Joy
finally passed exam stress,Joy
alhamdulillah finally got project m happy,Joy
alhamdulillah finally got undertaking m happy,Joy
tomarrow s lecture cancel,Joy
tomarrow s lecture natural,Joy
happy today passed subject exam,Joy
happy today passed subject examination,Joy
finished book feel good,Joy
complete book feel good,Joy
surprise lunch best friend month apart laughed nonstop made best memory heart full,Joy
surprise lunch best friend month apart laughed nonstop_flight made best memory heart full,Joy
really well presentation happy,Joy
truly well presentation happy,Joy
m happy today everything feel right,Joy
meter happy today everything feel right,Joy
m happy see,Joy
meter happy see,Joy
pas semester exam,Joy
pas semester examination,Joy
everything feel light positive today genuinely enjoying every moment,Joy
everything feel light positive today genuinely enjoy every moment,Joy
thinking lover fill heart joy,Joy
thinking lover fill heart joy,Joy
dj tonight university,Joy
disk_jockey tonight university,Joy
bike full tank petrol,Joy
bike full_moon tank petrol,Joy
m happy everything feel perfect ca nt stop smilinglife beautiful,Joy
meter happy everything feel perfect ca nt stop smilinglife beautiful,Joy
next book favourite book series get published,Joy
following book favourite book series get published,Joy
feeling absolutely wonderful today,Joy
feeling absolutely fantastic today,Joy
got selected course study,Joy
got choose course study,Joy
m talking favourite person,Joy
m talking front-runner person,Joy
every thing well,Joy
every thing well,Joy
received surprise birthday gift loved one,Joy
receive surprise birthday gift loved one,Joy
today great time best friend,Joy
today great time best friend,Joy
m feeling incredibly happy right everything feel right ca nt stop smiling today truly good day,Joy
m feeling incredibly happy right everything feel right calcium nt stop smiling today truly good day,Joy
happy mood today,Joy
happy temper today,Joy
feeling happy right,Joy
feeling happy right,Joy
m feeling happy today everything feel bright full possibility grateful little thing bring big smile,Joy
m feeling happy today everything feel bright full_moon possibility grateful little thing bring big smile,Joy
someone say love character,Joy
someone say love fictional_character,Joy
going trip next week,Joy
going trip following week,Joy
feel incredibly happy today alhamdhulilllahh,Joy
feel incredibly happy today alhamdhulilllahh,Joy
booked dream trip excited,Joy
booked dream trip excite,Joy
today feel amazing overflowing happiness gratitude,Joy
today feel amaze overflowing happiness gratitude,Joy
m happy right ca nt stop smiling,Joy
m happy right ca National_Trust stop smiling,Joy
seeing life partner,Joy
visual_perception life partner,Joy
friend found good partner,Joy
friend found good spouse,Joy
met boyfriend one year felt happy,Joy
meet boyfriend one year felt happy,Joy
university life happy,Joy
university life happy,Joy
selected foreign university,Joy
choose foreign university,Joy
yaaaayyyyy super excited,Joy
yaaaayyyyy super excite,Joy
m happy let know ve passed subject m eligible writer next semester exam nt even remember managed answer question,Joy
m happy Lashkar-e-Taiba know ve passed subject m eligible writer next semester exam nt even remember managed answer question,Joy
soo much fun much needed,Joy
soo much fun much necessitate,Joy
got result passed flying color m happy relieved right,Joy
got result pass flying color m happy relieved right,Joy
hey dude best,Joy
hey fellow best,Joy
made may day,Joy
made May day,Joy
finally finished assignment deadline feeling happy relieved,Joy
finally finished assignment deadline feeling happy relieve,Joy
arrange go atrip,Joy
arrange go aweigh,Joy
m feeling really happy today everything feel good,Joy
m feeling truly happy today everything feel good,Joy
feeling really happy right nowhad say hope re good day,Joy
feeling really happy right nowhad say hope rhenium good day,Joy
feeling really happy todayjust one good day everything feel right,Joy
feeling truly happy todayjust one good day everything feel right,Joy
m lucky life,Joy
meter lucky life,Joy
selected 4th year special honor degree,Joy
selected 4th year special award degree,Joy
friend suddenly come house,Joy
friend suddenly semen house,Joy
m feeling happy right everything going well ca nt stop smiling,Joy
m feeling happy right everything going well ca nt stop smile,Joy
get credit favourite person,Joy
get credit front-runner person,Joy
feeling absolutely amazing today everything feel right grateful little moment bring much happiness smiling nonstop sending good vibe way,Joy
feeling absolutely amazing today everything feel right grateful little moment bring much happiness smile nonstop sending good vibe way,Joy
m going home,Joy
m departure home,Joy
achieved goal prayed,Joy
achieved goal pray,Joy
happy sharing information,Joy
happy sharing information,Joy
tomorrow l go trip,Joy
tomorrow liter go trip,Joy
returning home hostel,Joy
return home hostel,Joy
feel excited today,Joy
feel excite today,Joy
got best result exam,Joy
got best consequence exam,Joy
met friend yesterday unexpectedly,Joy
meet friend yesterday unexpectedly,Joy
talking god parent,Joy
talking God parent,Joy
everything seems going right,Joy
everything look going right,Joy
happy understood tough concept statistic practical struggling day,Joy
happy understand tough concept statistic practical struggling day,Joy
felt joy saw name dean list semester result released,Joy
felt joy saw name dean list semester result let_go_of,Joy
feel happy play nephew,Joy
feel happy play nephew,Joy
got selected university badminton team,Joy
got choose university badminton team,Joy
got good result semester exam,Joy
get good result semester exam,Joy
interfaculty football match,Joy
interfaculty football match,Joy
replied haha instead ignoring,Joy
answer haha instead ignoring,Joy
got free lunch senior today,Joy
get free lunch senior today,Joy
got first internship offer today,Joy
get first internship offer today,Joy
top rank class semester grinding paid,Joy
top rank class semester grinding pay,Joy
scored winning goal today felt amazing,Joy
score winning goal today felt amazing,Joy
got dream job let goooo,Joy
got dream occupation let goooo,Joy
finally bought first bike stop smiling,Joy
finally bought first bike stop smile,Joy
perfect day favorite people,Joy
perfective day favorite people,Joy
scored goal today s match,Joy
scored goal today second match,Joy
finally submitted assignment earlyfeeling accomplished,Joy
finally submit assignment earlyfeeling accomplished,Joy
guess aced midterm,Joy
guess breeze_through midterm,Joy
m looking great today,Joy
meter looking great today,Joy
group project actually went well miracle happen,Joy
group undertaking actually went well miracle happen,Joy
got internship offer todayi hyped,Joy
get internship offer todayi hyped,Joy
coffee friend lecture perfect day,Joy
coffee friend lecture perfective day,Joy
got ticket dream concert,Joy
get ticket dream concert,Joy
lecture cancelled today feel free,Joy
lecture cancel today feel free,Joy
got great feedback professormade day,Joy
get great feedback professormade day,Joy
best study session ever felt productive,Joy
best survey session ever felt productive,Joy
got admission dream university,Joy
get admission dream university,Joy
presentation rocked still buzzing,Joy
presentation rocked still buzz,Joy
vibing library good music stress,Joy
vibing library good music stress,Joy
laughed hard today forgot worry,Joy
laugh hard today forgot worry,Joy
today perfect mix laughter sunshine,Joy
today perfect mix laughter sunlight,Joy
made someone smile today made day,Joy
made person smile today made day,Joy
finally finished tough taskso proud,Joy
finally complete tough taskso proud,Joy
nothing beat warm cozy feeling good meal,Joy
nothing beat warm cosy feeling good meal,Joy
got surprise compliment totally made blush,Joy
got surprise compliment wholly made blush,Joy
today great day,Joy
today great day,Joy
successfully completed diploma,Joy
successfully complete diploma,Joy
bought new car,Joy
buy new car,Joy
weekend trip boy confirmed time chill,Joy
weekend trip boy confirm time chill,Joy
guess aced coding test guy right,Joy
guess aced coding trial guy right,Joy
guess aced coding test guy right,Joy
guess aced cryptography test guy right,Joy
mom sent homemade biriyani hostel,Joy
ma sent homemade biriyani hostel,Joy
finally got grade hoping forso relieved,Joy
finally get grade hoping forso relieved,Joy
lecturer ended class 30 minute early blessing,Joy
lector ended class 30 minute early blessing,Joy
referee totally biased deserved win,Joy
referee wholly biased deserved win,Joy
met amazing people club fair today,Joy
met amazing people baseball_club fair today,Joy
bro finally nailed penalty shotfelt like pro,Joy
bro finally nailed punishment shotfelt like pro,Joy
lecturer canceled quiz,Joy
lecturer cancel quiz,Joy
actually understood everything today s lecture,Joy
actually understand everything today s lecture,Joy
got project approved first try,Joy
got undertaking approved first try,Joy
free coffee student lounge,Joy
free coffee student sofa,Joy
found lost notebook,Joy
found doomed notebook,Joy
friend surprised snack class,Joy
friend surprised bite class,Joy
scored better expected tough exam,Joy
scored better expect tough exam,Joy
caught campus bus time,Joy
catch campus bus time,Joy
weekend plan finally happeningca nt wait,Joy
weekend plan finally happeningca nt delay,Joy
recieving message long distance friend,Joy
recieving message hanker distance friend,Joy
woke early still felt fresh,Joy
wake early still felt fresh,Joy
lot people like status reply,Joy
batch people like status reply,Joy
suddenly see crush walking,Joy
suddenly see crushed_leather walking,Joy
got lot message birthday,Joy
get lot message birthday,Joy
friend went home say come today bring lunch home,Joy
friend travel home say come today bring lunch home,Joy
exam got postponed extra study time thank universe,Joy
exam got postponed extra survey time thank universe,Joy
finally understood one topic hour felt like solving mystery,Joy
finally understood one topic hour felt like resolution mystery,Joy
group project submitted 1 day early miracle happen,Joy
group project submit 1 day early miracle happen,Joy
supervisor appreciated research idea felt validated,Joy
supervisor appreciated research idea felt validate,Joy
got appreciated lecturer presentation worth anxiety,Joy
got appreciated lector presentation worth anxiety,Joy
internet go online viva small win matter,Joy
internet go on-line viva small win matter,Joy
finally submitted final project week sleepless night,Joy
finally submitted final project week insomniac night,Joy
found past paper match syllabus blessing senior,Joy
found past paper match course_of_study blessing senior,Joy
got shortlisted internship dreamed,Joy
got shortlist internship dreamed,Joy
managed complete entire syllabus exam unreal true,Joy
pull_off complete entire syllabus exam unreal true,Joy
favorite lecturer handling next semester tooyesss,Joy
favorite lector handling next semester tooyesss,Joy
supervisor appreciated research idea felt validated,Joy
supervisor appreciated research idea felt validate,Joy
class got early canteen favorite snack double joy,Joy
class get early canteen favorite snack double joy,Joy
got placed dream company today moment,Joy
get placed dream company today moment,Joy
managed answer mcqs time endedfelt like win,Joy
pull_off answer mcqs time endedfelt like win,Joy
finally got clearance form signedgraduation feel real,Joy
finally get clearance form signedgraduation feel real,Joy
got project approved first attemptwhat relief,Joy
got undertaking approved first attemptwhat relief,Joy
completed thesis presentation panel said outstanding,Joy
completed thesis presentation panel state outstanding,Joy
lab experiment worked perfectly first tryrare achievement,Joy
lab experiment work perfectly first tryrare achievement,Joy
group selected best project department,Joy
group choose best project department,Joy
peaceful evening journaling chaotic week,Joy
peaceful evening journaling chaotic week,Joy
lab experiment worked perfectly first tryrare achievement,Joy
lab experiment worked absolutely first tryrare achievement,Joy
professor said could publish project research paper,Joy
professor said could publish undertaking research paper,Joy
finally ticked every course degree checklistrelief,Joy
finally click every course degree checklistrelief,Joy
surprised friend small party submission day,Joy
surprise friend small party submission day,Joy
got first freelance client thanks portfolio created last month,Joy
got first freelance client thanks portfolio make last month,Joy
team nailed hackathonit felt like sleepless night paid,Joy
team nailed hackathonit felt like sleepless night pay,Joy
finally got positive feedback supervisor week critique,Joy
finally got positive feedback supervisor week review,Joy
peaceful weekend getaway final hustle begin,Joy
peaceful weekend pickup final hustle begin,Joy
bumped old friend campus laughed like nothing changed,Joy
bumped old friend campus laugh like nothing changed,Joy
nt well assignment,Sadness
National_Trust well assignment,Sadness
cry alone room nothing seems going right,Sadness
cry alone room nothing seems departure right,Sadness
tired everything lately,Sadness
tire everything lately,Sadness
feeling low today,Sadness
feeling low today,Sadness
well test feeling really low right,Sadness
well test feeling truly low right,Sadness
today nt really feel today feel empty,Sadness
today nt truly feel today feel empty,Sadness
feeling really low today day weigh heavier others trying hold breathe,Sadness
feeling truly low today day weigh heavier others trying hold breathe,Sadness
passed mark lower hoped,Sadness
passed mark lower hope,Sadness
feeling really low today,Sadness
feeling truly low today,Sadness
feel alone without,Sadness
feel alone without,Sadness
feeling really today nothing seems going right feel emotionally drained,Sadness
feeling truly today nothing seems going right feel emotionally drained,Sadness
heart feel heavy whenever think lover,Sadness
heart feel heavy whenever think lover,Sadness
current gpa less 3,Sadness
current grade_point_average less 3,Sadness
feel really lowit s like s cloud ca nt shake,Sadness
feel really lowit second like second cloud ca nt shake,Sadness
favourite book character dy,Sadness
favourite book character dysprosium,Sadness
feeling really right,Sadness
feeling truly right,Sadness
s okay m used,Sadness
s O.K. m used,Sadness
every sad situation brings big strength,Sadness
every sad situation bring big strength,Sadness
iam selected interview,Sadness
iam choose interview,Sadness
m pas exam,Sadness
m pas examination,Sadness
lost money pawvch,Sadness
doomed money pawvch,Sadness
tomorrow exam day,Sadness
tomorrow examination day,Sadness
best friend moved another city,Sadness
best friend travel another city,Sadness
studied hard eventhough got low result,Sadness
analyze hard eventhough got low result,Sadness
feeling really today like heavy cloud hanging seem shake hope tomorrow feel little lighter,Sadness
feeling really today like heavy cloud hanging look shake hope tomorrow feel little lighter,Sadness
heart feel heavy,Sadness
heart feel heavy,Sadness
feeling bit today sometimes thing go hoped hard shake heaviness hoping brighter moment soon,Sadness
feeling bit today sometimes thing go hoped hard shake heaviness hope brighter moment soon,Sadness
message say lecture weekend well,Sadness
message say lecture weekend well,Sadness
failed subject last exam,Sadness
failed subject stopping_point exam,Sadness
s day feel today insha allah hope get track,Sadness
s day feel today insha Allah hope get track,Sadness
s really hard understand lecture english feel lost frustrated,Sadness
s really difficult understand lecture english feel lost frustrated,Sadness
feeling really today one moment everything feel heavy,Sadness
feeling truly today one moment everything feel heavy,Sadness
feel like m cry,Sadness
feel like meter cry,Sadness
someone saying living sad,Sadness
person saying living sad,Sadness
genocide gaza people,Sadness
genocide Gaza_Strip people,Sadness
boyfriend return abroad within 1 week feel sad,Sadness
boyfriend tax_return abroad within 1 week feel sad,Sadness
feel lost everything life,Sadness
feel doomed everything life,Sadness
tried best got fail,Sadness
try best got fail,Sadness
pain go expressed mere word feel like m falling abyss something heavy tug heart,Sadness
pain go expressed mere word feel like m fall abyss something heavy tug heart,Sadness
may way handled,Sadness
may way manage,Sadness
m feel good,Sadness
meter feel good,Sadness
tried best thing go way hoped feeling really today,Sadness
try best thing go way hoped feeling really today,Sadness
miss closest person life,Sadness
miss close person life,Sadness
studied really hard exam get mark expected feeling,Sadness
studied really difficult exam get mark expected feeling,Sadness
loss family member,Sadness
loss family member,Sadness
done life everything seems messed around stressed,Sadness
done life everything seems messed about stressed,Sadness
feeling bit today really sure one day guess,Sadness
feeling bit today truly sure one day guess,Sadness
feeling bit todayjust one day everything feel little heavier usual,Sadness
feeling spot todayjust one day everything feel little heavier usual,Sadness
well feeling sad,Sadness
well feeling sad,Sadness
made cry infront everyone,Sadness
make cry infront everyone,Sadness
enough money help someone,Sadness
enough money help person,Sadness
nt get result expected semester exam,Sadness
nt get consequence expected semester exam,Sadness
feel really today s like s heavy weight heart energy anything,Sadness
feel really today second like second heavy weight heart energy anything,Sadness
whenever get bad comment,Sadness
whenever get bad remark,Sadness
lately feeling really low one day everything feel bit heavier usual trying stay strong tough needed let,Sadness
lately feeling really low one day everything feel bit heavier usual trying stay strong tough needed Lashkar-e-Taiba,Sadness
best friend understands wrongly,Sadness
best friend understand wrongly,Sadness
working 7 day week,Sadness
working seven day week,Sadness
ca nt believe,Sadness
calcium nt believe,Sadness
returning hostel home,Sadness
return hostel home,Sadness
close friend avoid without reason,Sadness
stopping_point friend avoid without reason,Sadness
im worried result,Sadness
im worried consequence,Sadness
time spent friend past,Sadness
time spend friend past,Sadness
think mother father,Sadness
think mother father,Sadness
nt get peaceful sleep,Sadness
National_Trust get peaceful sleep,Sadness
iam good feel like heavy cloud hanging,Sadness
iam good feel like heavy cloud hanging,Sadness
felt sad could nt attend important campus event travel home unexpectedly,Sadness
felt sad could National_Trust attend important campus event travel home unexpectedly,Sadness
felt sad get mark expected internet programming assignment working hard,Sadness
felt sad get mark expected internet scheduling assignment working hard,Sadness
failed important exam,Sadness
fail important exam,Sadness
tomorrow go university,Sadness
tomorrow go university,Sadness
oops failed exam,Sadness
oops fail exam,Sadness
laptop broken day ago felt lost,Sadness
laptop interrupt day ago felt lost,Sadness
could nt attend family function due semester exam,Sadness
could National_Trust attend family function due semester exam,Sadness
best friend dropped semester,Sadness
best friend drop semester,Sadness
canteen ran kottu got,Sadness
canteen ran kottu get,Sadness
bike broke way uni,Sadness
bike broke manner uni,Sadness
favorite lecturer leaving university,Sadness
favorite lecturer departure university,Sadness
lost match last still believe,Sadness
doomed match last still believe,Sadness
failed driving test again feeling low,Sadness
fail driving test again feeling low,Sadness
left without saying goodbye,Sadness
left without saying adieu,Sadness
get selected final team practice gone,Sadness
get choose final team practice gone,Sadness
lost phone memory,Sadness
lost telephone memory,Sadness
studied hard still well,Sadness
analyze hard still well,Sadness
feeling homesick miss family,Sadness
feeling homesick girl family,Sadness
dog died accident,Sadness
dog die accident,Sadness
sometimes feel like falling behind everyone else,Sadness
sometimes feel like fall behind everyone else,Sadness
overwhelming know keep,Sadness
overwhelm know keep,Sadness
skipped class today handle,Sadness
jump class today handle,Sadness
miss old day thought would,Sadness
miss old day idea would,Sadness
university feel lonely sometimes,Sadness
university feel alone sometimes,Sadness
cried bathroom presentation,Sadness
shout bathroom presentation,Sadness
keep trying nothing seems work,Sadness
keep try nothing seems work,Sadness
missed bus today walked office,Sadness
missed bus today walk office,Sadness
failed quiz thought okay,Sadness
failed quiz thought O.K.,Sadness
exhausted pretending okay time,Sadness
exhausted pretense okay time,Sadness
smiling outside inside tired,Sadness
smiling outside inside tire,Sadness
tried best still enough,Sadness
try best still enough,Sadness
hurt people trust trust back,Sadness
injury people trust trust back,Sadness
sinking feeling plan fall apart last minute,Sadness
sinking feeling plan fall apart stopping_point minute,Sadness
feel like everything bit heavy today,Sadness
feel like everything spot heavy today,Sadness
miss thing used everything changed,Sadness
miss thing used everything change,Sadness
feel lonely sometimes,Sadness
feel alone sometimes,Sadness
s hard let go,Sadness
second hard let go,Sadness
news made cry,Sadness
news make cry,Sadness
scored less expected disappointed,Sadness
scored less expect disappointed,Sadness
attend best friend birthday feeling really bad,Sadness
attend best friend birthday feeling truly bad,Sadness
lost project data laptop crashed,Sadness
doomed project data laptop crashed,Sadness
favorite hoodie shrank wash,Sadness
favorite hoodie shrivel wash,Sadness
get selected team feeling really,Sadness
get choose team feeling really,Sadness
rain ruined boy cricket match plan,Sadness
rain ruined male_child cricket match plan,Sadness
argument dad hate feeling,Sadness
argument dad hate feeling,Sadness
matter hard try never feel enough,Sadness
matter hard attempt never feel enough,Sadness
sometimes feel like everyone one check,Sadness
sometimes feel like everyone one check,Sadness
nt get expected result,Sadness
nt get expected consequence,Sadness
missed assignment deadline minute,Sadness
miss assignment deadline minute,Sadness
lecturer accept excuse,Sadness
lector accept excuse,Sadness
got low grade even studying hard,Sadness
got low grade even studying difficult,Sadness
group member contribute,Sadness
group member lend,Sadness
lost favorite pen exam,Sadness
doomed favorite pen exam,Sadness
looking forward class got canceled,Sadness
look forward class got canceled,Sadness
go home weekend,Sadness
go home weekend,Sadness
friend ignored message day,Sadness
friend ignore message day,Sadness
tired still much,Sadness
tire still much,Sadness
didnt recieve reply interview applied,Sadness
didnt recieve answer interview applied,Sadness
nt recieve good mark exam,Sadness
nt recieve good mark examination,Sadness
knew crush affair another girl,Sadness
knew crush matter another girl,Sadness
favourite person message day along,Sadness
front-runner person message day along,Sadness
oh god m cry,Sadness
oh God m cry,Sadness
studied night question still came one topic skipped,Sadness
studied night question still came one subject skipped,Sadness
group project fell apart one part except,Sadness
group project hide apart one part except,Sadness
submitted assignment 2 minute late system accept,Sadness
submitted assignment two minute late system accept,Sadness
get selected campus interview really wanted,Sadness
get choose campus interview really wanted,Sadness
practiced hard presentation mind went blank stage,Sadness
practiced hard presentation mind went space stage,Sadness
lecturer returned test paper mine red ink black,Sadness
lecturer return test paper mine red ink black,Sadness
finalyear project group falling apart due conflict,Sadness
finalyear undertaking group falling apart due conflict,Sadness
got sick exam week missed important paper,Sadness
got sick exam week miss important paper,Sadness
watched classmate celebrate silently struggled,Sadness
watch classmate celebrate silently struggled,Sadness
lost access note night exam,Sadness
lost entree note night exam,Sadness
got rejected internship hoping,Sadness
got reject internship hoping,Sadness
last semester already miss place,Sadness
last semester already girl place,Sadness
tried speak class today stumbled felt embarrassed,Sadness
tried speak class today stumble felt embarrassed,Sadness
let go parttime job offer academic workload,Sadness
Lashkar-e-Taiba go parttime job offer academic workload,Sadness
worked hard assignment got average mark,Sadness
worked difficult assignment got average mark,Sadness
attend farewell work project,Sadness
attend farewell work undertaking,Sadness
friend include name group submission,Sadness
friend include name group submission,Sadness
name left graduation photo frame list mistake,Sadness
name left graduation photograph frame list mistake,Sadness
missed class totally lost topic,Sadness
missed class totally lost subject,Sadness
watched junior batch perform better feeling behind,Sadness
watch junior batch perform better feeling behind,Sadness
parent expecting final semester grade,Sadness
parent expect final semester grade,Sadness
missed class totally lost topic,Sadness
missed class totally doomed topic,Sadness
everyone celebrating still found job yet,Sadness
everyone celebrating still found occupation yet,Sadness
missed project deadline due health issue feel helpless,Sadness
missed undertaking deadline due health issue feel helpless,Sadness
farewell got cancelled unexpected campus restriction,Sadness
farewell got cancel unexpected campus restriction,Sadness
close friend drifted apart final semester,Sadness
close friend float apart final semester,Sadness
able complete final project way envisioned,Sadness
able complete final project manner envisioned,Sadness
spend birthday working report library alone,Sadness
spend birthday working report library alone,Sadness
class photo day rescheduled make,Sadness
class photograph day rescheduled make,Sadness
gave best still reach selection round,Sadness
gave best still reach choice round,Sadness
work groupmates nothing,Anger
work groupmates nothing,Anger
worked hard still get selected unfair,Anger
worked difficult still get selected unfair,Anger
annoyed worked hard group project still got low grade,Anger
annoyed worked hard group project still get low grade,Anger
someone picking call want talk,Anger
someone picking call privation talk,Anger
lied m mad,Anger
lied meter mad,Anger
feeling really today nothing seems lift mood everything feel bit heavy carry one tough day,Anger
feeling truly today nothing seems lift mood everything feel bit heavy carry one tough day,Anger
worked hard still got blamed fair,Anger
worked difficult still got blamed fair,Anger
m really frustrated right okay,Anger
m truly frustrated right okay,Anger
getting late please hurry,Anger
acquiring late please hurry,Anger
angry disappointed high hope everything fell apart,Anger
angry disappoint high hope everything fell apart,Anger
heart burn anger whenever think lover,Anger
heart burn anger whenever think lover,Anger
today lecture 6 hour continuously,Anger
today lecture six hour continuously,Anger
poya day lecture university,Anger
poya day lecture university,Anger
whenever hear read see injustice happens men,Anger
whenever hear read see injustice happens work_force,Anger
said wrong good thing,Anger
state wrong good thing,Anger
m angry ca nt believe happened trusted friend let,Anger
m angry ca nt believe happened trusted friend Lashkar-e-Taiba,Anger
talking someone immature age,Anger
talking person immature age,Anger
honestly really frustrated right,Anger
honestly really thwart right,Anger
someone scold without making mistake,Anger
someone scold without devising mistake,Anger
nt call m going talk,Anger
nt call m departure talk,Anger
brother broke phone,Anger
brother broke telephone,Anger
treating others badly,Anger
treat others badly,Anger
someone blamed something nt,Anger
someone blame something nt,Anger
hard believe friend talk bad others,Anger
difficult believe friend talk bad others,Anger
god please curse,Anger
God please curse,Anger
really frustrated right thing go way honestly exhausting dealing issue,Anger
really frustrated right thing go way honestly exhaust dealing issue,Anger
nt want anyone,Anger
National_Trust want anyone,Anger
really frustrated right unfair thing go way feel like one listening need change,Anger
truly frustrated right unfair thing go way feel like one listening need change,Anger
someone speaks rudely,Anger
someone talk rudely,Anger
m done covering people even try,Anger
meter done covering people even try,Anger
m feeling much frustrated,Anger
m feeling much thwart,Anger
lecture weekend again feeling tired drained,Anger
lecture weekend again feeling tired drain,Anger
really frustrated right patient situation keep repeating exhausting,Anger
really frustrated right patient situation support repeating exhausting,Anger
give import phone talking,Anger
give import phone talk,Anger
someone kicking cat,Anger
person kicking cat,Anger
friend talk gossip angry,Anger
friend talk chitchat angry,Anger
come near angry come surely hit please maintain distance,Anger
come near angry come surely hit please keep distance,Anger
work hard assignment team member scold,Anger
work difficult assignment team member scold,Anger
regret trusting word known better audacity play victim mind boggling least courage accept wrongdoing without giving lame excuse,Anger
regret trusting word know better audacity play victim mind boggling least courage accept wrongdoing without giving lame excuse,Anger
would nt even care said something else,Anger
would nt even care state something else,Anger
promised help show frustrated disappointed,Anger
promised help show frustrated disappoint,Anger
ll talk later,Anger
ll talk later,Anger
someone treat u badly,Anger
someone treat uracil badly,Anger
worked group project alone still group member complained frustrating,Anger
worked group undertaking alone still group member complained frustrating,Anger
getting blamed wrong,Anger
getting blame wrong,Anger
mad right even explain frustrated feel go ll,Anger
mad right evening explain frustrated feel go ll,Anger
honestly really frustrated right thing going way starting get,Anger
honestly really frustrated right thing going manner starting get,Anger
really frustrated right nowthings going way hard stay calm,Anger
really frustrated right nowthings going way difficult stay calm,Anger
nt make option,Anger
National_Trust make option,Anger
mother compared skill another,Anger
mother compare skill another,Anger
junior obeying u,Anger
junior obeying uracil,Anger
m angry right nothing going right s really frustrating,Anger
m angry right nothing going right s truly frustrating,Anger
someone bad thing,Anger
person bad thing,Anger
honestly really frustrated right feel like thing completely control enough tired patient nothing seems change,Anger
honestly really frustrated right feel like thing completely control enough tire patient nothing seems change,Anger
nt want talk,Anger
National_Trust want talk,Anger
without participating group project one group member telling could done like,Anger
without participating group undertaking one group member telling could done like,Anger
angry see attitude,Anger
angry see attitude,Anger
nt need involve,Anger
National_Trust need involve,Anger
someone scold without reason,Anger
person scold without reason,Anger
even loved one also understand u,Anger
even loved one also understand uracil,Anger
phone strucked important work,Anger
telephone strucked important work,Anger
anyone hurt without mistake,Anger
anyone injury without mistake,Anger
lot work demonstrator praise support u,Anger
batch work demonstrator praise support u,Anger
unnecessarily disturbing sleep,Anger
unnecessarily disturb sleep,Anger
wo nt say anything,Anger
wo National_Trust say anything,Anger
angry internet went important online lecture really needed attend,Anger
angry internet went important online lecture really necessitate attend,Anger
got angry laptop suddenly crashed right submitting assignment lm,Anger
got angry laptop suddenly crashed right submitting assignment lumen,Anger
iam really angry,Anger
iam truly angry,Anger
friend nt obey word,Anger
friend National_Trust obey word,Anger
group member nt care say,Anger
group member National_Trust care say,Anger
nt know happened blame,Anger
nt know happen blame,Anger
assignment got deleted right submission,Anger
assignment get deleted right submission,Anger
someone blame without knowing truth,Anger
someone incrimination without knowing truth,Anger
roommate used laptop without asking,Anger
roommate used laptop without request,Anger
group project everything,Anger
group undertaking everything,Anger
group mate ghosted submission day,Anger
group mate ghost submission day,Anger
wifi died online assignment,Anger
wifi died on-line assignment,Anger
waited 2 hour queue said system,Anger
wait 2 hour queue said system,Anger
lost game lag frustrating,Anger
doomed game lag frustrating,Anger
roommate used headphone without asking,Anger
roommate use headphone without asking,Anger
plan set bailed last minute cool,Anger
plan set bail last minute cool,Anger
waited hour even bother show inform,Anger
waited hour even fuss show inform,Anger
group mate anythingagain done,Anger
group mate anythingagain make,Anger
professor assign everything,Anger
professor delegate everything,Anger
laptop crashed saved assignment,Anger
laptop crash saved assignment,Anger
marked absent even though,Anger
tag absent even though,Anger
people talking class drive mad,Anger
people talk class drive mad,Anger
people respected time thing mess,Anger
people respect time thing mess,Anger
uni wifi always die submission,Anger
uni wireless_local_area_network always die submission,Anger
exam paper nothing like taught,Anger
examination paper nothing like taught,Anger
believe admin lost document,Anger
believe admin doomed document,Anger
replying text message,Anger
answer text message,Anger
hate people take credit work,Anger
hate people return credit work,Anger
semester testing patience every level,Anger
semester testing patience every degree,Anger
kept quiet keep peace boiling inside,Anger
keep quiet keep peace boiling inside,Anger
beyond fed taken granted,Anger
beyond fed taken allow,Anger
done excuse empty promise,Anger
make excuse empty promise,Anger
keep explaining nobody listens,Anger
keep explaining cipher listens,Anger
people think kindness weakness,Anger
people think kindness failing,Anger
losing patience faster thought would today,Anger
losing patience faster idea would today,Anger
someone scratched bike even leave note,Anger
someone scratched bike evening leave note,Anger
group project everything alone fed,Anger
group project everything alone Federal,Anger
trainer show session time wasted,Anger
trainer show session time waste,Anger
group chat full meme project update,Anger
group chat full meme undertaking update,Anger
got blamed something even group,Anger
get blamed something even group,Anger
roommate took charger disappeared,Anger
roommate take charger disappeared,Anger
people never listen properly first time,Anger
people never listen properly first time,Anger
changed assignment deadline submitted,Anger
changed assignment deadline submit,Anger
told want part dramaand dragged anyway,Anger
told want part dramaand drag anyway,Anger
nt disrespectful like u always,Anger
National_Trust disrespectful like u always,Anger
always give lastminute assignment,Anger
always give lastminute assignment,Anger
group project ended everything,Anger
group project end everything,Anger
someone took seat pretended see,Anger
someone take seat pretended see,Anger
internet went submission,Anger
internet travel submission,Anger
people talking loudly trying focus,Anger
people talk loudly trying focus,Anger
lab got canceled waited 45 minute,Anger
lab got canceled waited forty-five minute,Anger
lecturer marked absent even though,Anger
lecturer tag absent even though,Anger
line 20 minutesstill food,Anger
line twenty minutesstill food,Anger
roommate used stuff without asking,Anger
roommate use stuff without asking,Anger
submission deadline message m way home rest,Anger
submission deadline message m manner home rest,Anger
believe unfair grading,Anger
believe unfair scaling,Anger
lecturer nt permit write exam less 80 attendance even s 79,Anger
lecturer nt permit write exam less eighty attendance even s 79,Anger
someone left light fan leaving,Anger
someone left light fan departure,Anger
lot thing department send message saying arrange several session physically,Anger
batch thing department send message saying arrange several session physically,Anger
set project deadline impossible day,Anger
set undertaking deadline impossible day,Anger
group mate show meeting still get grade,Anger
group mate show meeting still get class,Anger
submitted assignment time portal crashed got marked late,Anger
submit assignment time portal crashed got marked late,Anger
got scolded using phone even though checking syllabus,Anger
got call_on_the_carpet using phone even though checking syllabus,Anger
changed exam schedule last minuteagain,Anger
changed exam schedule stopping_point minuteagain,Anger
question asked ignored test,Anger
question ask ignored test,Anger
waited 2 hour viva panel said come tomorrow,Anger
waited 2 hour viva panel said semen tomorrow,Anger
lecturer gave vague project instruction blame u delay,Anger
lecturer gave vague project instruction incrimination u delay,Anger
lost mark using time new roman seriously,Anger
lost mark using time new Roman seriously,Anger
wrote entire report teammate deleted without backup,Anger
write entire report teammate deleted without backup,Anger
lecturer uploaded note midnight expected u read 8 am,Anger
lecturer uploaded note midnight expected uracil read 8 am,Anger
got blamed something group project even,Anger
got blame something group project even,Anger
changed exam schedule last minuteagain,Anger
changed exam schedule stopping_point minuteagain,Anger
lab equipment work got marked incomplete,Anger
lab equipment work got tag incomplete,Anger
system crashed project demoso unfair,Anger
system crash project demoso unfair,Anger
lecturer changed assignment topic finished,Anger
lecturer changed assignment topic complete,Anger
worked day night one group member got credit,Anger
worked day night one group member get credit,Anger
got interrupted presentingtwice,Anger
get interrupted presentingtwice,Anger
network online finalyear interview,Anger
network on-line finalyear interview,Anger
get mark idea write properly,Anger
get mark idea write properly,Anger
lecturer asked change night final submission,Anger
lecturer ask change night final submission,Anger
university admin misplaced fee receipt blamed,Anger
university admin misplaced fee receipt blame,Anger
get mark idea write properly,Anger
get mark idea write properly,Anger
repeat documentation three time due unclear instruction,Anger
repeat documentation three time due unclear direction,Anger
marked late even though submitted time,Anger
tag late even though submitted time,Anger
lab assistant shut lab early without warning u lost unsaved work,Anger
lab assistant shut lab early without warning uracil lost unsaved work,Anger
another mandatory session scheduled final project prep,Anger
another mandatory session scheduled final undertaking prep,Anger
supervisor ignored email week blamed u delay,Anger
supervisor ignored email week blamed uracil delay,Anger
hard work dismissed formatting issue,Anger
hard work dismissed format issue,Anger
nt informed syllabus change night exam,Anger
nt inform syllabus change night exam,Anger
someone took credit part group project review,Anger
someone took credit part group project reappraisal,Anger
really scared final exam fail,Fear
truly scared final exam fail,Fear
low percentage attendance,Fear
low percentage attendance,Fear
really nervous exam tomorrow feel ready,Fear
truly nervous exam tomorrow feel ready,Fear
nt text m scared,Fear
nt text m frighten,Fear
exam result released,Fear
examination result released,Fear
feeling really anxious unsure going happen,Fear
feeling really anxious diffident going happen,Fear
feeling really anxious right mind keep racing ifs seem calm hope everything turn okay,Fear
feeling truly anxious right mind keep racing ifs seem calm hope everything turn okay,Fear
exam near feel ready,Fear
exam approach feel ready,Fear
really scared know,Fear
really frighten know,Fear
tomorrow project presentation,Fear
tomorrow undertaking presentation,Fear
worried prepared enough everything fall apart,Fear
worried fix enough everything fall apart,Fear
heart tremble fear whenever think lover,Fear
heart tremble fear whenever think lover,Fear
want present front 100 people,Fear
want present front hundred people,Fear
tomorrow deadline final submission,Fear
tomorrow deadline final submission,Fear
lizard traffic police,Fear
lizard traffic police,Fear
heart racing nt know going happeni feel nervous scared,Fear
heart racing nt know going happeni feel nervous frighten,Fear
getting notification exam result released tomorrow,Fear
acquiring notification exam result released tomorrow,Fear
feeling really edge right heart keep racing every little sound make jump,Fear
feeling really edge right heart keep racing every little sound brand jump,Fear
alone last night therefore scared,Fear
alone last night therefore frighten,Fear
stay home alone,Fear
stay home alone,Fear
see exam papper,Fear
see examination papper,Fear
sleep night alone,Fear
sleep night alone,Fear
got lost minute crowded place,Fear
got doomed minute crowded place,Fear
tomorrow deliver unprepared speech,Fear
tomorrow deliver unprepared address,Fear
god please protect,Fear
God please protect,Fear
feeling really anxious right mind stop racing help worry might go wrong wish could calm feel safe,Fear
feeling truly anxious right mind stop racing help worry might go wrong wish could calm feel safe,Fear
mind racing stop worrying,Fear
mind racing stop badgering,Fear
feeling really anxious right sure going happen next hard calm mind hoping thing okay,Fear
feeling truly anxious right sure going happen next hard calm mind hoping thing okay,Fear
get late night call relative,Fear
get late night call relative,Fear
nt know going talk front panel,Fear
nt know departure talk front panel,Fear
m struggling little bit feel like share thing need help handle,Fear
m struggling little bit feel like share thing need aid handle,Fear
presentation tomorrow m scared ll spoil,Fear
presentation tomorrow meter scared ll spoil,Fear
feeling really scared right much uncertainty stop thinking might go wrong,Fear
feeling truly scared right much uncertainty stop thinking might go wrong,Fear
iam shaking right,Fear
iam shaking right,Fear
thing happen proper time,Fear
thing happen proper time,Fear
world war 3,Fear
world war three,Fear
think future time scared,Fear
think future time frighten,Fear
dark feel fear,Fear
dark feel fear,Fear
looking indifference people showing towards live genocide make scary especially think kind world child facing m state constant anxiety trying imagine shoe,Fear
looking indifference people showing towards live genocide make scary especially think kind universe child facing m state constant anxiety trying imagine shoe,Fear
s get repeated,Fear
second get repeated,Fear
big presentation tomorrow nervous mess front everyone,Fear
large presentation tomorrow nervous mess front everyone,Fear
nt know tell exactly s happen know something happening,Fear
nt know tell exactly second happen know something happening,Fear
sound come midnight,Fear
sound semen midnight,Fear
tomorrow viva really nervous hope mess,Fear
tomorrow viva truly nervous hope mess,Fear
losing loved one,Fear
losing love one,Fear
heart racing feeling nervous uneasy nt idea next,Fear
heart racing feeling nervous uneasy National_Trust idea next,Fear
feeling really anxious right mind racing seem shake uneasy feeling hoping thing calm soon,Fear
feeling really anxious right mind racing seem shake uneasy feeling hoping thing composure soon,Fear
feeling really uneasy right nowmy mind keep racing shake nervous feeling,Fear
feeling really uneasy right nowmy mind support racing shake nervous feeling,Fear
m afraid go dark,Fear
meter afraid go dark,Fear
going face viva panel,Fear
going face oral panel,Fear
walking alone night deserted place,Fear
walking alone night deserted topographic_point,Fear
m feeling really anxious nervous heart racing ca nt stop worrying might happen,Fear
meter feeling really anxious nervous heart racing ca nt stop worrying might happen,Fear
feeling really anxious right mind stop racing tight feeling chest go away know coming next uncertainty overwhelming,Fear
feeling truly anxious right mind stop racing tight feeling chest go away know coming next uncertainty overwhelming,Fear
nt submit assignment time,Fear
National_Trust submit assignment time,Fear
fear thinking professional exam,Fear
fear thinking professional examination,Fear
suddenly wake sleep due nightmare,Fear
suddenly aftermath sleep due nightmare,Fear
nt show ca nt see,Fear
National_Trust show ca National_Trust see,Fear
fail hard worked exam definitely fear next exam even also hard work,Fear
fail hard worked exam definitely fear following exam even also hard work,Fear
sleep night lonely,Fear
sleep night alone,Fear
im afraid might fail,Fear
im afraid might fail,Fear
living among drug using society,Fear
living among drug exploitation society,Fear
saw big accident last week making feel bad scared,Fear
saw big accident last week making feel bad frighten,Fear
see parent getting old,Fear
see parent acquiring old,Fear
something nt feel right,Fear
something National_Trust feel right,Fear
felt fear viva presentation worried might forget important point,Fear
felt fear viva presentation worry might forget important point,Fear
felt fear lecturer suddenly called name answer question zoom session,Fear
felt fear lector suddenly called name answer question zoom session,Fear
public speech tomorrow,Fear
public address tomorrow,Fear
result released tomorrow,Fear
result let_go_of tomorrow,Fear
felt someone following passed cemetery,Fear
felt person following passed cemetery,Fear
place full people feel nervous,Fear
topographic_point full people feel nervous,Fear
exam start tomorrow prepared enough,Fear
exam start tomorrow fix enough,Fear
forgot presentation slide exam day,Fear
forgot presentation slide examination day,Fear
lecturer said pop quiz smile,Fear
lecturer state pop quiz smile,Fear
dean walked napping class,Fear
dean walk napping class,Fear
accidentally sent wrong file final submission,Fear
by_chance sent wrong file final submission,Fear
iam going exam,Fear
iam going examination,Fear
exam result tomorrow stop overthinking,Fear
exam consequence tomorrow stop overthinking,Fear
got call bos idea,Fear
get call bos idea,Fear
first day new university feeling super nervous,Fear
first day new university feeling superintendent nervous,Fear
interview hour hand literally sweating,Fear
interview hour hand literally perspiration,Fear
weird noise downstairs home alone,Fear
Wyrd noise downstairs home alone,Fear
final coming feel ready,Fear
final approach feel ready,Fear
scared might fail course,Fear
frighten might fail course,Fear
guess wo nt pas exam,Fear
guess wo National_Trust pas exam,Fear
chose wrong major,Fear
choose wrong major,Fear
think finish project time,Fear
think finish undertaking time,Fear
gpa slipping terrifies,Fear
gpa slipping terrify,Fear
stomach knot thinking tomorrow,Fear
stomach knot thinking tomorrow,Fear
everyone else seems together except,Fear
everyone else seems together demur,Fear
afraid mess presentation tomorrow,Fear
afraid mess presentation tomorrow,Fear
get internship next,Fear
get internship following,Fear
exam result released check link send,Fear
exam consequence released check link send,Fear
feel anxious even opening student portal,Fear
feel anxious evening opening student portal,Fear
worry stress affecting health,Fear
concern stress affecting health,Fear
feel like frozen unable move speak,Fear
feel like freeze unable move speak,Fear
focusmy brain stuck panic mode,Fear
focusmy brain lodge panic mode,Fear
feel edge like something bad lurking nearby,Fear
feel edge like something bad lurk nearby,Fear
breathing feel shallow uneven get like,Fear
breathing feel shoal uneven get like,Fear
overthinking every word said today,Fear
overthinking every word state today,Fear
waiting feel like torture mind racing,Fear
wait feel like torture mind racing,Fear
scared go alone,Fear
frighten go alone,Fear
today first day work,Fear
today first day work,Fear
one week final examination,Fear
one week final examination,Fear
health report coming today really scared,Fear
health report approach today really scared,Fear
spotted something moving dark outside,Fear
spotted something travel dark outside,Fear
flight turbulence getting worse hate,Fear
flight turbulence acquiring worse hate,Fear
accidentally liked 2019 photo 2 am,Fear
accidentally wish 2019 photo 2 am,Fear
nervous viva tomorrowi barely sleep,Fear
nervous oral tomorrowi barely sleep,Fear
forgot id exam,Fear
forgot id examination,Fear
heard strange noise house alone freaking,Fear
heard strange noise house alone freak_out,Fear
pas repeat semester,Fear
pas repeat semester,Fear
get uni applied stop worrying,Fear
get uni applied stop badgering,Fear
ca nt watch horror movie,Fear
ca National_Trust watch horror movie,Fear
studied tomorrow exam,Fear
studied tomorrow examination,Fear
still heard back internship,Fear
still hear back internship,Fear
presentation tomorrow slide ready,Fear
presentation tomorrow slide ready,Fear
forgot bring id,Fear
forgot bring Idaho,Fear
submit wrong file,Fear
submit wrong file,Fear
heart s racing every time get email notification,Fear
heart s racing every time get email presentment,Fear
exam hall silenti could hear anxiety,Fear
exam hallway silenti could hear anxiety,Fear
remember anything revised,Fear
remember anything revise,Fear
project evaluation tomorrow,Fear
undertaking evaluation tomorrow,Fear
awkward moment lecturer call name,Fear
awkward moment lector call name,Fear
meeting project supervisor,Fear
meeting undertaking supervisor,Fear
remember lot work idea experience,Fear
remember batch work idea experience,Fear
get message unknown number,Fear
get message unknown number,Fear
project presentation scheduled tomorrow morning,Fear
project presentation schedule tomorrow morning,Fear
exam hall silent forgot everything studied,Fear
exam hall silent forgot everything analyze,Fear
lecturer asked explain diagram even see,Fear
lector asked explain diagram even see,Fear
result come today keep refreshing page trembling hand,Fear
result come today keep refreshing page shaking hand,Fear
deadline 3 hour laptop crashed,Fear
deadline three hour laptop crashed,Fear
got randomly called present nt even half ready,Fear
got randomly called present National_Trust even half ready,Fear
thought submitted assignment turn click submit,Fear
thought submitted assignment bend click submit,Fear
finalyear viva tomorrow keep forgetting everything prepared,Fear
finalyear oral tomorrow keep forgetting everything prepared,Fear
saw word surprise quiz board heart dropped,Fear
proverb word surprise quiz board heart dropped,Fear
get job graduation,Fear
get occupation graduation,Fear
think messed final question mark,Fear
think mess final question mark,Fear
heard might revaluation want grade drop,Fear
heard might revaluation privation grade drop,Fear
getting cold foot presenting research panel expert,Fear
acquiring cold foot presenting research panel expert,Fear
forgot bring id card final exam panicked hard,Fear
forgot bring Idaho card final exam panicked hard,Fear
final result come next week sleep properly,Fear
final result semen next week sleep properly,Fear
lecturer said let quick test my brain froze,Fear
lecturer said let quick test my brain freeze,Fear
job interview lined feel underprepared,Fear
occupation interview lined feel underprepared,Fear
system froze submitting final project,Fear
system freeze submitting final project,Fear
fail complete credit requirement time,Fear
fail complete recognition requirement time,Fear
last one called vivaso much pressure,Fear
stopping_point one called vivaso much pressure,Fear
fail complete credit requirement time,Fear
fail complete recognition requirement time,Fear
know next degree feel lost,Fear
know following degree feel lost,Fear
last one called vivaso much pressure,Fear
last one name vivaso much pressure,Fear
know manage job hunting project work exam,Fear
know manage job hunting undertaking work exam,Fear
waiting final review feedbackif negative redo,Fear
waiting final review feedbackif negative remake,Fear
peer getting offer still trying figure want,Fear
peer getting offer still try figure want,Fear
presenting front industry expert tomorrow heart racing already,Fear
show front industry expert tomorrow heart racing already,Fear
leave university never see closest friend,Fear
leave university never see close friend,Fear
waiting viva result feel like torturei keep overthinking,Fear
waiting viva consequence feel like torturei keep overthinking,Fear
sure able complete project correction time,Fear
certain able complete project correction time,Fear
thought saying goodbye campus haunting already,Fear
idea saying goodbye campus haunting already,Fear
class 8 4 today study,Neutral
class 8 4 today survey,Neutral
today normal day nothing special,Neutral
today convention day nothing special,Neutral
okay s fine,Neutral
okay second fine,Neutral
tomorrow online lecture full day,Neutral
tomorrow online lecture full_moon day,Neutral
got point ll catch later,Neutral
get point ll catch later,Neutral
someone ask help,Neutral
someone ask aid,Neutral
feeling best today taking thing slow,Neutral
feeling best today pickings thing slow,Neutral
going regular day nothing exciting nothing stressful everything pretty normal right,Neutral
going regular day nothing excite nothing stressful everything pretty normal right,Neutral
next class monday 8 l11,Neutral
next class Monday 8 l11,Neutral
nothing much going today normal day,Neutral
nothing much departure today normal day,Neutral
raining today ok,Neutral
raining today Oklahoma,Neutral
everything fine nothing new usual routine,Neutral
everything fine nothing new usual routine,Neutral
heart feel calm whenever think lover,Neutral
heart feel composure whenever think lover,Neutral
found lizard dinner hostel canteen,Neutral
found lizard dinner hostel canteen,Neutral
m going day usualnothing special happened everything feel pretty normal,Neutral
m going day usualnothing special happened everything feel pretty convention,Neutral
getting text reminder appointment next week,Neutral
acquiring text reminder appointment next week,Neutral
going day usual,Neutral
departure day usual,Neutral
passed course without getting good result,Neutral
pass course without getting good result,Neutral
m sitting like neutral,Neutral
meter sitting like neutral,Neutral
feel goood without exam,Neutral
feel goood without examination,Neutral
spent day usual routine,Neutral
spend day usual routine,Neutral
today calm quiet day,Neutral
today calm lull day,Neutral
nothing much going today going usual routine taking thing come,Neutral
nothing much going today going usual routine pickings thing come,Neutral
nothing exciting upsetting ordinary day,Neutral
nothing excite upsetting ordinary day,Neutral
ordinary daynothing special nothing bad taking thing come staying steady,Neutral
ordinary daynothing special nothing bad taking thing come stay steady,Neutral
completed part task,Neutral
completed part undertaking,Neutral
tomorrow lecture 2 hour,Neutral
tomorrow lecture two hour,Neutral
going day usual nothing exciting stressfuleverything pretty routine,Neutral
going day usual nothing excite stressfuleverything pretty routine,Neutral
thing happening smooth,Neutral
thing happening smooth,Neutral
j usually nt express feeling always laughing even terrible situation mostly s neutral,Neutral
j normally nt express feeling always laughing even terrible situation mostly s neutral,Neutral
went temple pray family,Neutral
travel temple pray family,Neutral
see m glad able come hope re better,Neutral
see m glad able semen hope re better,Neutral
nothing new everything happening daily routine,Neutral
nothing new everything happening daily routine,Neutral
regular daynothing exciting nothing bad going flow,Neutral
regular daynothing excite nothing bad going flow,Neutral
let s see go,Neutral
Lashkar-e-Taiba s see go,Neutral
every morning sunrise,Neutral
every morning dawn,Neutral
another normal day unilectures lunch heading back hostel nothing special today,Neutral
another convention day unilectures lunch heading back hostel nothing special today,Neutral
homely cooked meal,Neutral
homely cook meal,Neutral
nothing much going todayjust regular day m feeling okay going flow,Neutral
nothing much departure todayjust regular day m feeling okay departure flow,Neutral
nothing much going onjust regular day feeling pretty neutral good bad,Neutral
nothing much departure onjust regular day feeling pretty neutral good bad,Neutral
hmm ahh ok,Neutral
hmm ahh Oklahoma,Neutral
miss university bus,Neutral
girl university bus,Neutral
m feeling okay today nothing special happenedjust normal regular day,Neutral
m feeling okay today nothing special happenedjust convention regular day,Neutral
nothing much importance,Neutral
nothing much importance,Neutral
nothing exciting going today going motion getting thing done keeping thing steady one average daysnot bad great just okay,Neutral
nothing excite going today going motion getting thing done keeping thing steady one average daysnot bad great just okay,Neutral
going trip friend,Neutral
departure trip friend,Neutral
get lunch proper time,Neutral
get lunch proper time,Neutral
90 mostly life going line ever happened accept neutrally otherwise option,Neutral
90 mostly life departure line ever happened accept neutrally otherwise option,Neutral
finished work perfectly,Neutral
complete work perfectly,Neutral
nothing special going,Neutral
nothing special departure,Neutral
m unjustly accused,Neutral
meter unjustly accused,Neutral
finished work day relaxing bit,Neutral
complete work day relaxing bit,Neutral
felt neutral waiting next class start scrolling note,Neutral
felt neutral wait next class start scrolling note,Neutral
felt neutral copying note lecture without really thinking content,Neutral
felt neutral copying note lecture without truly thinking content,Neutral
fear losing others,Neutral
fear lose others,Neutral
got new message group chat,Neutral
get new message group chat,Neutral
today lecture cancelled held tomorrow,Neutral
today lecture cancelled keep tomorrow,Neutral
attended lecture came back hostel,Neutral
attend lecture came back hostel,Neutral
went class played cricket afterward,Neutral
went class play cricket afterward,Neutral
charged phone watched meme survived day,Neutral
charged phone watched meme survive day,Neutral
attended lab ate bun came back,Neutral
attended lab Ate bun came back,Neutral
went class scrolled instagram came home,Neutral
went class scrolled instagram come home,Neutral
finished assignment watching tv,Neutral
finished assignment watching television,Neutral
went class took note came back home,Neutral
went class took note come back home,Neutral
cleaned room laundry nothing much,Neutral
clean room laundry nothing much,Neutral
attended lecture today pretty regular day,Neutral
attend lecture today pretty regular day,Neutral
quiet day got work done,Neutral
lull day got work done,Neutral
attended lecture came back nothing special,Neutral
attend lecture came back nothing special,Neutral
routine eat class study sleep,Neutral
routine eat class survey sleep,Neutral
regular day surviving thriving,Neutral
regular day surviving boom,Neutral
bad great average like always,Neutral
bad great average like always,Neutral
drama today thankfully vibe,Neutral
play today thankfully vibe,Neutral
finished chore scrolling without purpose,Neutral
complete chore scrolling without purpose,Neutral
library lunch lecturerepeat,Neutral
library lunch lecturerepeat,Neutral
existing really feeling much today,Neutral
exist really feeling much today,Neutral
deep clean room yesterday,Neutral
deep clean_and_jerk room yesterday,Neutral
going flow kind day,Neutral
departure flow kind day,Neutral
mood neutral brain idle motivation meh,Neutral
temper neutral brain idle motivation meh,Neutral
feel like autopilot lately,Neutral
feel like automatic_pilot lately,Neutral
sometimes okay middle,Neutral
sometimes okay center,Neutral
floating day big feeling either way,Neutral
floating day large feeling either way,Neutral
usual routine nothing new exciting,Neutral
usual routine nothing new excite,Neutral
watching time pas without much report,Neutral
observation time pas without much report,Neutral
another day another dollaror another day,Neutral
another day another dollaror another day,Neutral
know happening life,Neutral
know happening life,Neutral
ate dinner scrolled insta heading bed,Neutral
Ate dinner scrolled insta heading bed,Neutral
spent day indoors weather s okay,Neutral
spent day indoors weather s O.K.,Neutral
woke late went gym nothing special,Neutral
wake late went gym nothing special,Neutral
sat canteen hour nothing,Neutral
Saturday canteen hour nothing,Neutral
nothing much today went class came back,Neutral
nothing much today went class come back,Neutral
walked class yawned came back,Neutral
walked class yawn came back,Neutral
watched movie thinking next,Neutral
watched movie thinking following,Neutral
brain autopilot waiting weekend,Neutral
brain autopilot wait weekend,Neutral
class came back scrolled hours routine different day,Neutral
class came back scroll hours routine different day,Neutral
another regular day campus,Neutral
another regular day campus,Neutral
lunch fine nothing special,Neutral
lunch fine nothing special,Neutral
sat whole lecture barely absorbed anything,Neutral
sat whole lecture barely absorb anything,Neutral
got campus work heading home,Neutral
get campus work heading home,Neutral
get picked alright,Neutral
get pick alright,Neutral
nothing major happened today,Neutral
nothing major happen today,Neutral
routine different day,Neutral
routine different day,Neutral
event information message,Neutral
event information message,Neutral
finished everything checklist,Neutral
complete everything checklist,Neutral
sleep eat well,Neutral
sleep eat well,Neutral
normal message getting club group joining,Neutral
normal message getting baseball_club group joining,Neutral
message ex best friend,Neutral
message ex-husband best friend,Neutral
took note class nothing special usual routine,Neutral
take note class nothing special usual routine,Neutral
finished assignment submitted one task list,Neutral
complete assignment submitted one task list,Neutral
attended lab session required nothing,Neutral
attended lab session necessitate nothing,Neutral
reviewed note submitted assignment helped friend prep interview,Neutral
reviewed note submitted assignment helped friend homework interview,Neutral
watched recorded lecture okay nothing exciting,Neutral
watch recorded lecture okay nothing exciting,Neutral
checked timetable joined zoom class time,Neutral
check timetable joined zoom class time,Neutral
woke revised bit attended class went back bed,Neutral
woke revise bit attended class went back bed,Neutral
another regular day campus lecture break lecture,Neutral
another regular day campus lecture interruption lecture,Neutral
another day research project meeting nothing new,Neutral
another day research undertaking meeting nothing new,Neutral
library quiet got reading done nothing remarkable,Neutral
library quiet get reading done nothing remarkable,Neutral
sat lecture boring interesting either,Neutral
sat lecture boring interest either,Neutral
tea roommate talked life graduation,Neutral
tea roommate talk life graduation,Neutral
revised topic guess s part process,Neutral
revised subject guess s part process,Neutral
one day nothing went wrong right,Neutral
one day nothing travel wrong right,Neutral
downloaded lecture note read page closed,Neutral
downloaded lecture note read page close,Neutral
woke reading responded project email nothing major,Neutral
wake reading responded project email nothing major,Neutral
filled attendance listened lecture,Neutral
filled attendance listen lecture,Neutral
woke reading responded project email nothing major,Neutral
woke reading responded undertaking email nothing major,Neutral
rewatched yesterday class average content,Neutral
rewatched yesterday class average content,Neutral
lab open today sat coded hour,Neutral
lab open today Saturday coded hour,Neutral
printed project file met supervisor walked home quietly,Neutral
printed project file met supervisor walked home softly,Neutral
rewatched yesterday class average content,Neutral
rewatched yesterday class average content,Neutral
normal dayrevised note cleaned room took nap,Neutral
normal dayrevised note cleaned room take nap,Neutral
attended project meeting helped junior assignment,Neutral
attended project meeting help junior assignment,Neutral
another day sitting library laptop coffee,Neutral
another day sitting library laptop coffee,Neutral
woke late missed breakfast worked documentation scrolled endlessly,Neutral
woke late missed breakfast worked documentation scroll endlessly,Neutral
day passed nothing significant schedule different date,Neutral
day pass nothing significant schedule different date,Neutral
revised topic coffee friend came back homenothing much,Neutral
revised topic coffee friend come back homenothing much,Neutral
cleaned room recharged device updated task listsjust maintenance mode,Neutral
cleaned room recharged device updated undertaking listsjust maintenance mode,Neutral
woke stared screen hour minimum work required,Neutral
wake stared screen hour minimum work required,Neutral
