text,emotion
I finally passed the exam I was so stressed about,Joy
Alhamdulillah! I finally got an A for my project. I'm so happy,Joy
Tomarrow's lecture cancel,Joy
I am so excited,Joy
I’m so happy today! I passed all my subjects in the exam! 😊🎉,Joy
heyyyyyyyyyyyy,Joy
I pass the exam,Joy
"I have just finished a book, I feel so good.",Joy
How are you,Joy
Just had a surprise lunch with my best friends after months apart — laughed nonstop and made the best memories. My heart is so full! ,Joy
I did really well in my presentation. I’m so happy,Joy
Happy ,Joy
"I'm so happy today,everything feels just right!",Joy
I'm happy to see you,Joy
Pass the semester exam,Joy
happy,Joy
"Everything feels light and positive today. I’m genuinely enjoying every moment!

",Joy
Thinking about my lover fills my heart with joy.,Joy
I have pass the exam,Joy
There is a dj tonight at the university ,Joy
When my bike has a full tank of petrol ,Joy
I'm happy,Joy
When we have a vacation ,Joy
I am feeling joy,Joy
"I'm so happy! Everything feels perfect,and I can't stop smiling.life is beautiful ",Joy
The next book of my favourite book series gets published. ,Joy
I’m feeling absolutely wonderful today! ,Joy
 I have got selected for a course of study,Joy
All praise be to to almighty. ,Joy
With my friends ,Joy
Be happy always ✌️,Joy
When I visit foreign ,Joy
I'm talking with my favourite person ,Joy
Every thing is very well ,Joy
I am watching cricket ,Joy
With my family,Joy
I received a surprise birthday gift from my loved ones,Joy
Today i had a great time with my best friend,Joy
All praise be to god,Joy
"I'm feeling so incredibly happy right now! Everything just feels right, and I can't stop smiling. Today is truly a good day!",Joy
I am in happy mood today,Joy
 I’m feeling so happy right now,Joy
 I'm feeling so happy today! Everything just feels bright and full of possibilities. Grateful for the little things that bring big smiles! 😊,Joy
When someone says they love my character ,Joy
I am going on a trip next week,Joy
I feel incredibly happy today. Alhamdhulilllahh...,Joy
Just booked my dream trip! So excited,Joy
Today feels amazing! I’m just overflowing with happiness and gratitude,Joy
"
I'm so happy right now! I can't stop smiling",Joy
When seeing life partner ,Joy
I’m so excited,Joy
My friend found a good partner ,Joy
Hehe 😍,Joy
"I met my boyfriend after one year, and I felt very happy...",Joy
Waw... ,Joy
University life is over i am so happy,Joy
I am selected for a foreign university ,Joy
Yaaaayyyyy I’m super excited ,Joy
I'm so happy to let you know that I've passed all the subjects and I'm eligible to writer the next semester exams. I don't even remember how I managed to answer all those questions. 😅,Joy
"Had soo much fun, much needed. ",Joy
Enjoy,Joy
"""I just got my results and I passed with flying colors! I'm so happy and relieved right now!""",Joy
Hurray,Joy
"Hey dude, you did your best",Joy
That made may day,Joy
When we having a good which is our favorite ,Joy
I finally finished my assignment before the deadline! Feeling so happy and relieved,Joy
When I arrange to go on atrip,Joy
I'm feeling really happy today! Everything just feels good.,Joy
Just feeling really happy right now—had to say it. Hope you're having a good day too!,Joy
Feeling really happy today—just one of those good days where everything feels right.,Joy
alhamdulillah ,Joy
Hey what's up?😉,Joy
"I'm very Lucky to have you in my life.
",Joy
chilll brooo,Joy
I am fine,Joy
I have selected for 4th year special (Honors) degree.,Joy
When my friends suddenly come to my house,Joy
University trip,Joy
"I'm feeling so happy right now! Everything is going well, and I just can't stop smiling. 😊

",Joy
When I get a credit from my favourite person,Joy
"I’m feeling absolutely amazing today! Everything just feels right, and I’m so grateful for the little moments that bring so much happiness. Smiling nonstop and sending good vibes your way!",Joy
I am happy,Joy
I'm going home ,Joy
I achieved the goal which I prayed for,Joy
I am very happy ,Joy
I am very happy to sharing this information with you,Joy
Tomorrow l will go to the trip,Joy
Going on a trip,Joy
I'm so happy 😊 ,Joy
Returning home from hostel ,Joy
😊,Joy
I was successed in my career ,Joy
I feel excited for today,Joy
I got best results in exam ,Joy
🤩,Joy
when i met my friends yesterday unexpectedly.,Joy
When talking to God and parents ,Joy
Everything just seems to be going right,Joy
I was happy when I understood a tough concept in statistics practical after struggling with it for days.,Joy
I felt joy when I saw my name on the Dean’s List after the semester results were released.,Joy
IAM so happy ,Joy
I have passed in all examinations ,Joy
I am going home,Joy
I am excited ,Joy
I feel happy when I play with my nephew,Joy
Got selected for the university badminton team.,Joy
Got good result in semester exam,Joy
"Won the inter-faculty football match.
",Joy
"She replied ""haha"" instead of ignoring me! 😄
",Joy
Got free lunch from senior today,Joy
Got my first internship offer today,Joy
Good day ,Joy
Top rank in class this semester! All that grinding paid off!,Joy
Scored the winning goal today! Felt amazing!,Joy
Just got my dream job! Let’s goooo!,Joy
Finally bought my first bike! Can’t stop smiling!,Joy
Had the most perfect day with my favorite people.,Joy
I scored a goal in today's match.,Joy
I finally submitted that assignment early—feeling so accomplished!,Joy
Guess who aced the midterm? Me!! ,Joy
I'm looking great today,Joy
Group project actually went well... miracles happen,Joy
Got my internship offer today—I’m so hyped!,Joy
Coffee + friends + no lectures = perfect day ,Joy
Just got tickets to my dream concert,Joy
All lectures cancelled today. I feel free!,Joy
Got great feedback from my professor—made my day!,Joy
"Had the best study session ever, felt so productive.",Joy
I got the admission to my dream university ,Joy
"My presentation rocked, and I’m still buzzing!",Joy
Just vibing in the library with good music and no stress.,Joy
"Laughed so hard today, I forgot all my worries.",Joy
Today was a perfect mix of laughter and sunshine.,Joy
"Made someone smile today, and it made my day too.",Joy
Finally finished a tough task—so proud of myself!,Joy
Nothing beats that warm cozy feeling after a good meal.,Joy
Got a surprise compliment that totally made me blush.,Joy
That made me smile.,Joy
Today was a great day.,Joy
I am proud of what I did.,Joy
I am excited for the weekend.,Joy
Successfully completed my diploma.,Joy
Bought a new car.,Joy
Weekend trip with the boys confirmed! Time to chill!,Joy
Guess who aced the coding test? This guy right here!,Joy
Guess who aced the coding test? This guy right here! ,Joy
Mom sent homemade biriyani to the hostel!,Joy
I finally got the grade I was hoping for—so relieved,Joy
Lecturer ended class 30 minutes early blessing!,Joy
That referee was totally biased! We deserved to win! ,Joy
Met some amazing people at the club fair today!,Joy
"Bro, I finally nailed that penalty shot—felt like a pro out there!",Joy
All praise be to almighty,Joy
Happy ,Joy
Lecturer canceled the quiz,Joy
I actually understood everything in today's lecture!,Joy
Got my project approved on the first try,Joy
Free coffee in the student lounge,Joy
Found my lost notebook,Joy
Friends surprised me with snacks after class,Joy
Scored better than expected on that tough exam!,Joy
Caught the campus bus just in time,Joy
Weekend plans are finally happening—can't wait!,Joy
Recieving a message from a long distance friend,Joy
Woke up early and still felt fresh,Joy
Lots of people like my status or replies to it,Joy
Suddenly I see my crush walking ,Joy
When i got lot of messages for my birthday ,Joy
Friend who went home says she come today and bring lunch from home,Joy
So Happy ,Joy
"The exam got postponed extra study time, thank you universe!",Joy
Finally understood that one topic after hours felt like solving a mystery!,Joy
Group project submitted 1 day early miracles do happen!,Joy
"Supervisor appreciated my research idea. Felt so validated!""",Joy
Got appreciated by the lecturer for my presentation worth all the anxiety!,Joy
Internet didn’t go off during my online viva small wins matter!),Joy
"""Finally submitted my final project after weeks of sleepless nights!""",Joy
Found a past paper that matches our syllabus blessing from seniors!,Joy
Got shortlisted for the internship I dreamed of!,Joy
Managed to complete the entire syllabus before the exam unreal but true!,Joy
My favorite lecturer is handling the next semester too—yesss!,Joy
"""Supervisor appreciated my research idea. Felt so validated!""",Joy
Class got over early AND the canteen had my favorite snack double joy!,Joy
"""Got placed in my dream company today. What a moment!""",Joy
Managed to answer all MCQs before time ended—felt like a win!,Joy
"Finally got my clearance form signed—graduation feels real now!""",Joy
Got my project approved in the first attempt—what a relief!,Joy
"""Completed my thesis presentation, and the panel said it was outstanding!""",Joy
Lab experiment worked perfectly on the first try—rare achievement!,Joy
" ""My group was selected as the best project in the department!""",Joy
"""Had a peaceful evening journaling after a chaotic week.""",Joy
Lab experiment worked perfectly on the first try—rare achievement!,Joy
"""My professor said I could publish my project as a research paper!""",Joy
" ""Finally ticked off every course in my degree checklist—relief!""",Joy
"""Surprised my friends with a small party after submission day!""",Joy
"Got my first freelance client thanks to a portfolio I created last month.""",Joy
"""My team nailed the hackathon—it felt like all the sleepless nights paid off.""",Joy
"""Finally got positive feedback from the supervisor after weeks of critique!""",Joy
"""Had a peaceful weekend getaway before the final hustle begins.""",Joy
"""Bumped into an old friend on campus and laughed like nothing changed.""",Joy
I didn't do well on the assignment,Sadness
I’ve been crying alone in my room… nothing seems to be going right.,Sadness
I am just tired of everything lately,Sadness
Feeling low today,Sadness
I didn’t do well on my test... feeling really low right now.,Sadness
"ok, noted",Sadness
Someone not understand me,Sadness
"Today I don't really feel myself today, I feel empty.",Sadness
What are doing ,Sadness
Feeling really low today… some days just weigh heavier than others. Trying to hold on and breathe through it. ,Sadness
"I passed, but my marks were lower than I hoped.",Sadness
Miss you,Sadness
Feeling really low today…,Sadness
I feel alone without you,Sadness
Breakup ,Sadness
sad,Sadness
"feeling really down today. Nothing seems to be going right, and I just feel emotionally drained.",Sadness
My heart feels heavy whenever I think about my lover.,Sadness
I have repeated in the exam,Sadness
My current GPA is less than 3.,Sadness
Rules ,Sadness
I do not have a mind to everything,Sadness
Next will be an exam ,Sadness
I am feeling sad,Sadness
I just feel really low.It's like there's a cloud over me and I can't shake it off ,Sadness
When my favourite book character dies.,Sadness
I’m feeling really down right now,Sadness
My purse was missed by me.,Sadness
It's okay.. I'm used to it,Sadness
Scolding from parents,Sadness
Every sad situation brings You a big strength 🙂,Sadness
Iam not selected the interview ,Sadness
I'm not pass the exam,Sadness
I lost my money pawvch ,Sadness
Tomorrow is exam day ,Sadness
Be alone,Sadness
My best friend moved to another city,Sadness
"I studied very hard ,eventhough i got low result.",Sadness
Why can't I do this,Sadness
"I’m feeling really down today. It’s like a heavy cloud is hanging over me, and I just can’t seem to shake it off. I hope tomorrow feels a little lighter",Sadness
I have a problem ,Sadness
My heart feels heavy,Sadness
"Feeling a bit down today... Sometimes things just don’t go as hoped, and it’s hard to shake the heaviness. Hoping for brighter moments soon. 😞",Sadness
The message which says that we have lectures on weekends as well ,Sadness
I failed a subject in the last exam,Sadness
It's not my day. Feel so down today.. insha allah hope to get on my track.. ,Sadness
"""It's really hard to understand lectures in English… I feel lost and frustrated. ",Sadness
I’m feeling really down today. It’s one of those moments where everything just feels heavy,Sadness
I feel like I'm crying,Sadness
If someone saying they are living sad ,Sadness
I can’t stop crying,Sadness
 genocides on Gaza people ,Sadness
So sad 😞 ,Sadness
My boyfriend will return from abroad within 1 week... I feel very sad...,Sadness
Hmm...,Sadness
I feel lost everything in my life,Sadness
I tried my best but I got fail ,Sadness
"Huh, I’m alright ",Sadness
"The pain I go through cannot be expressed in mere words, I feel like I'm falling into an abyss while something heavy tugs at my heart. ",Sadness
May be it was because of the way I handled it. ,Sadness
I'm not feel good,Sadness
"""I tried my best, but things didn’t go the way I hoped. Feeling really down today.""",Sadness
😕,Sadness
You have changed a lot,Sadness
I miss those moments,Sadness
When we miss a closest person in life,Sadness
I studied really hard for this exam but didn’t get the marks I expected… feeling so down,Sadness
Loss of a family member,Sadness
I am done with life. Everything seems messed up around me. I am stressed ,Sadness
"Just feeling a bit down today. Not really sure why. just one of those days, I guess.",Sadness
Feeling a bit down today—just one of those days where everything feels a little heavier than usual.,Sadness
hasbunallah,Sadness
Well.. feeling sad,Sadness
"You made me cry infront of everyone.
",Sadness
need theraphy,Sadness
I am not well ,Sadness
I have not enough money to help someone ,Sadness
When I didn't get the results I expected in the semester exam,Sadness
"Arriyer,referd",Sadness
"I just feel really down today. It's like there's a heavy weight in my heart, and I don’t have the energy to do anything. 😞

",Sadness
Whenever I get bad comments ,Sadness
"Lately, I’ve been feeling really low. It’s one of those days where everything feels a bit heavier than usual. I’m trying to stay strong, but it’s tough. Just needed to let it out.",Sadness
I am worry,Sadness
I'm tired of you,Sadness
My best friend understands me wrongly ,Sadness
I feel sorry,Sadness
I am very sad that hearing about it,Sadness
I am so unlucky today,Sadness
Working for 7 days in a week,Sadness
Why me ? I can't believe this,Sadness
Returning hostel from home,Sadness
😕,Sadness
My close friend avoid me without any reason ,Sadness
Im worried about my results,Sadness
The time which I spent with my friends in the past ,Sadness
😪,Sadness
"When I think about my mother, father.",Sadness
I don't get peaceful sleep,Sadness
Iam good  i feels  like a heavy cloud is hanging over me.,Sadness
I felt sad when I couldn't attend an important campus event because I had to travel home unexpectedly.,Sadness
I felt sad when I didn’t get the mark I expected on my Internet Programming assignment after working so hard.,Sadness
I feel sad ,Sadness
I have failed in a important exam,Sadness
Tomorrow I have to go to university ,Sadness
Oops I failed this exam.,Sadness
"My laptop is broken few days ago, and I felt lost",Sadness
"Couldn't attend the family function due to semester exam.
",Sadness
Failed a subject ,Sadness
Best friend dropped out this semester.,Sadness
"Canteen ran out of kottu before I got there. 😢
",Sadness
Bike broke down on the way to uni.,Sadness
My favorite lecturer is leaving the university.,Sadness
Iam alone ,Sadness
Lost the match in the last over... still can’t believe it. ,Sadness
Failed my driving test again… feeling low.,Sadness
She left without saying goodbye,Sadness
Didn’t get selected for the final team. All that practice... gone. ,Sadness
Lost my phone with all my memories in it.,Sadness
Missing my dad.,Sadness
I studied so hard and still didn’t do well.,Sadness
Feeling homesick again... I miss my family.,Sadness
My dog died on an accident ,Sadness
Sometimes I feel like I’m falling behind everyone else.,Sadness
It’s overwhelming. I don’t know how to keep up.,Sadness
Skipped class today... just couldn’t handle it.,Sadness
I miss the old days more than I thought I would.,Sadness
Why does university feel so lonely sometimes?,Sadness
Cried in the bathroom after my presentation.,Sadness
I keep trying but nothing seems to work.,Sadness
I missed the bus today so i walked to the office,Sadness
Failed that quiz I thought I did okay in.,Sadness
I’m exhausted from pretending I’m okay all the time.,Sadness
"Smiling outside, but inside I’m just tired.",Sadness
    I tried my best but it still wasn’t enough.,Sadness
It hurts when people you trust don’t trust you back.,Sadness
"
    That sinking feeling when plans fall apart last minute.",Sadness
Feels like everything is just a bit too heavy today.,Sadness
    I miss how things used to be before everything changed.,Sadness
I feel lonely sometimes.,Sadness
It's hard to let go.,Sadness
That news made me cry.,Sadness
I did not expect this to happen.,Sadness
I am worthless.,Sadness
Lost my wallet.,Sadness
Scored less than I expected… disappointed in myself,Sadness
Couldn’t attend my best friend’s birthday. Feeling really bad.,Sadness
Lost all my project data because my laptop crashed. ,Sadness
My favorite hoodie shrank in the wash.,Sadness
Didn’t get selected for the team… feeling really down.,Sadness
Rain ruined our boys' cricket match plan.,Sadness
Had an argument with dad… hate this feeling.,Sadness
"No matter how hard I try, it never feels enough.",Sadness
"Sometimes I feel like I’m there for everyone, but no one checks on me.",Sadness
Didn't get the expected results,Sadness
Bad luck ,Sadness
Missed the assignment deadline by a minute,Sadness
Lecturer didn’t accept my excuse,Sadness
Got a low grade even after studying hard.,Sadness
My group members didn’t contribute,Sadness
Lost my favorite pen during the exam.,Sadness
"Was looking forward to class, but it got canceled.",Sadness
Can’t go home this weekend,Sadness
Friend ignored my message all day.,Sadness
Too tired but still so much to do.,Sadness
Didnt recieve reply from an interview that I applied to,Sadness
Just not feeling it today,Sadness
Didn't recieve good marks in exams,Sadness
Knew my crush have an affair with another girl,Sadness
When my favourite person didn' t message me all day along,Sadness
No response from amma,Sadness
Oh my god I'm crying ,Sadness
Studied all night but that question still came from the one topic I skipped.,Sadness
Group project fell apart no one did their part except me.,Sadness
Submitted the assignment 2 minutes late system didn’t accept it.,Sadness
Didn’t get selected for the campus interview I really wanted.,Sadness
"Practiced so hard for the presentation, but my mind went blank on stage.",Sadness
 Lecturer returned our test papers mine had more red ink than black.,Sadness
"""My final-year project group is falling apart due to conflicts.""",Sadness
Got sick during exam week missed an important paper.,Sadness
"Watched my classmates celebrate while I silently struggled.""",Sadness
Lost access to my notes the night before the exam.,Sadness
Got rejected for the internship I was hoping for.,Sadness
"It’s our last semester, and I already miss this place.""",Sadness
I tried to speak in class today but stumbled and felt so embarrassed.,Sadness
"Had to let go of a part-time job offer because of academic workload.""",Sadness
"Worked so hard on the assignment, but got average marks.",Sadness
"""Couldn’t attend the farewell because I had to work on my project.""",Sadness
Friend didn’t include my name in the group submission.,Sadness
"""My name was left out from the graduation photo frame list by mistake.""",Sadness
I missed class and now I’m totally lost on the topic.,Sadness
" ""Watched my junior batch perform better than me. Feeling behind.""",Sadness
"""My parents were expecting more from my final semester grades.""",Sadness
I missed class and now I’m totally lost on the topic.,Sadness
"""Everyone’s celebrating and I still haven’t found a job yet.""",Sadness
"""Missed the project deadline due to a health issue. I feel helpless.""",Sadness
"""Our farewell got cancelled because of unexpected campus restrictions.""",Sadness
"""A close friend and I drifted apart in our final semester.""",Sadness
"""Wasn’t able to complete my final project the way I envisioned it.""",Sadness
" ""Had to spend my birthday working on a report in the library alone.""",Sadness
" ""Class photo day was rescheduled and I couldn’t make it.""",Sadness
"""Gave it my best, but still couldn’t reach the selection round.""",Sadness
"I did all the work, and my groupmates did nothing!",Anger
I worked so hard and still didn’t get selected! This is so unfair!,Anger
Why is this so unfair,Anger
That was really unfair,Anger
I’m so annoyed! We worked hard on the group project and still got a low grade,Anger
hm,Anger
Someone not picking up the call when i want to talk,Anger
"She lied to me, I'm mad at her.",Anger
Bye,Anger
"I’m feeling really down today. Nothing seems to lift my mood, and everything feels a bit too heavy to carry. Just one of those tough days.",Anger
"I worked hard, but still got blamed. It’s not fair!",Anger
Repeat,Anger
"I'm really frustrated right now,this isn’t okay!",Anger
Its getting late. Please hurry up,Anger
When bike is break ,Anger
anger,Anger
"I’m angry and disappointed. I had high hopes, but everything just fell apart.

",Anger
My heart burns with anger whenever I think about my lover!,Anger
Today we had lectures for 6 hours continuously ,Anger
On poya day there is a lecture at university.,Anger
"Whenever I hear, read or see the injustice that happens to men ",Anger
I will kill you,Anger
They said you wrong when you did good thing.,Anger
I am feeling anger,Anger
I'm so angry! I can't believe this happened. I trusted my friends but they let me down ,Anger
Talking to someone immature for their age.,Anger
I’m honestly really frustrated right now,Anger
Someone scolds me without making mistakes.,Anger
Don't call.. I'm not going to talk with you. ,Anger
Hearing gossips,Anger
Think before you do,Anger
My friends are cheating me,Anger
Someone ignored me ,Anger
My brother broke my phone,Anger
Why are you treating others badly,Anger
When wasting time,Anger
Someone blamed me for something I didn't do,Anger
Its so hard to believe that my friend talk bad about me to others ,Anger
God please curse him,Anger
"I’m really frustrated right now. Things didn’t go the way they should have, and it’s honestly exhausting dealing with the same issues over and over again",Anger
I don't want anyone,Anger
I’m so angry right now,Anger
" I’m really frustrated right now! It’s so unfair when things don’t go the way they should, and it feels like no one’s listening. This needs to change! 😠",Anger
When someone speaks rudely ,Anger
I'm done covering for people who don’t even try,Anger
I'm feeling very much frustrated for what you did..,Anger
I have lectures this weekend again… feeling so tired and drained.,Anger
"I’m really frustrated right now. I’ve been patient, but this situation keeps repeating, and it’s exhausting.",Anger
I'm tired of this ,Anger
Give import to phone while talking ,Anger
I’m done,Anger
Someone kicking my cats ,Anger
Omg,Anger
My friends talk gossip about me.... I will be angry with them...,Anger
Mind your own business ,Anger
Do not come to near me i am so angry on you if you come surely i will hit you so please maintain the distance,Anger
I work hard for the assignment but the team members scold me ,Anger
What the freak ,Anger
"I regret trusting your words, I should have known better. And the audacity to play the victim is mind boggling, at least have the courage to accept your wrongdoing without giving lame excuses. ",Anger
I wouldn't even care if she said something else again. ,Anger
Be away for while,Anger
"""They promised to help but didn’t show up at all. I’m so frustrated and disappointed!""",Anger
What the the,Anger
I'll talk you later,Anger
I am not sure how to face this,Anger
When someone treat us badly,Anger
I worked on our group project alone and still some group members complained! So frustrating,Anger
Getting blamed when I’m not wrong,Anger
"I’m so mad right now, I can’t even explain how frustrated I feel. Go to the he'll.. ",Anger
"I’m honestly really frustrated right now. Things just aren’t going the way they should, and it’s starting to get to me.",Anger
"I’m really frustrated right now—things aren’t going the way they should, and it’s hard to stay calm.",Anger
ohhh shitttt,Anger
Ohh okay,Anger
"You are cheated on me.
",Anger
go to hell,Anger
I am not well ,Anger
Don't make me as a option ,Anger
My mother compared his skills to those of another.,Anger
Junior not obeying us,Anger
"I'm so angry right now. Nothing is going right, and it's really frustrating.

",Anger
When someone do bad things for me,Anger
"I’m honestly really frustrated right now. It feels like things are completely out of control, and I’ve had enough. I’m tired of being patient when nothing seems to change.",Anger
I am angry,Anger
I don't want talk about this ,Anger
"Without participating the group project, one of our group member telling that you could have done like this ",Anger
I am angry with you,Anger
I am very angry about to see his attitude ,Anger
You don't need to involve in this,Anger
Someone scolds me without any reason,Anger
I will kill you,Anger
When even loved one also does not understand us,Anger
Nothing,Anger
My phone strucked when I was in important work,Anger
Why did this happen to me,Anger
If anyone hurts me without any mistakes in me,Anger
😠,Anger
"we are doing a lot of work,but our demonstrator didn’t praise and support us.",Anger
Unnecessarily disturbing during sleep ,Anger
( i won't say anything ),Anger
I was angry when the internet went down during an important online lecture I really needed to attend.,Anger
I got angry when my laptop suddenly crashed right before submitting an assignment on LMS.,Anger
IAM really angry ,Anger
My friend didn't obey my words,Anger
My group member doesn't care what I say,Anger
Why did you cut into the line?,Anger
"She doesn't know what happened, she just blames me.",Anger
My assignment got deleted right before submission.,Anger
Someone blames me without knowing the truth,Anger
Roommate used my laptop without asking.,Anger
"Group project = I did everything, again. 😠",Anger
Group mates ghosted me on submission day.,Anger
Wi-Fi died during online Assignment.,Anger
Iam so frustrated ,Anger
Waited 2 hours in the queue and they said system is down! ,Anger
Lost the game because of a lag! So frustrating! ,Anger
Roommate used my headphones again without asking!,Anger
All plans were set and he bailed out last minute! Not cool. ,Anger
Waited over an hour and they didn’t even bother to show up or inform!,Anger
We have lectures on Sunday.,Anger
Group mates didn’t do anything—again. I’m so done.,Anger
Why do professors assign everything at once?!,Anger
He cheated on me again,Anger
My laptop crashed before I saved the assignment,Anger
I was marked absent even though I was there!,Anger
People talking during class drives me mad.,Anger
"If people just respected time, things wouldn’t be such a mess",Anger
Why does uni Wi-Fi always die during submissions?!,Anger
The exam paper was NOTHING like what they taught.,Anger
Can’t believe the admin lost my documents again.,Anger
She is not replying to text messages ,Anger
I hate when people take credit for my work.,Anger
This semester is testing my patience on every level.,Anger
"""I kept quiet to keep the peace… but now I’m boiling inside.",Anger
I’m beyond fed up with being taken for granted.,Anger
So done with excuses and empty promises.,Anger
"    I keep explaining myself, but nobody listens.",Anger
Why do people think my kindness is weakness?,Anger
Losing patience faster than I thought I would today.,Anger
That was really unfair.,Anger
So frustrating.,Anger
I can not believe they did that.,Anger
I am tired of this.,Anger
Why did you do that?,Anger
He betrayed me.,Anger
Someone scratched my bike and didn’t even leave a note.,Anger
Group project and I’m doing everything alone! Fed up!,Anger
Trainer didn’t show up for the session. Time wasted.,Anger
"Group chat full of memes, but no project updates",Anger
Got blamed for something I didn’t even do in the group.,Anger
Roommate took my charger and disappeared.,Anger
Why do people never listen properly the first time?! ,Anger
They changed the assignment deadline after I submitted!,Anger
I told them I didn’t want to be part of that drama—and they dragged me in anyway.,Anger
Don't be disrespectful like u always do..,Anger
Nice ,Anger
Why do they always give last-minute assignments?!,Anger
Group project and I ended up doing everything,Anger
Someone took my seat and pretended not to see me.,Anger
Internet went down during submission,Anger
People talking loudly while I’m trying to focus.,Anger
Lab got canceled after we waited 45 minutes.,Anger
Lecturer marked me absent even though I was there.,Anger
Been in line for 20 minutes—still no food!,Anger
Roommate used my stuff without asking.,Anger
Submission deadline messages when I'm on the way home for some rest ,Anger
Can’t believe how unfair that grading was.,Anger
Lecturer doesn't permit to write exams for those who have less than 80% attendance. Not even when it's 79%,Anger
Someone left lights and fans on when they leaving,Anger
"When I  have lot of things to do, but the department send messages that saying arrange several sessions physically ",Anger
Set project deadline for impossible days,Anger
What the hell,Anger
Group mates didn’t show up for the meeting but will still get the same grade!,Anger
"Submitted the assignment on time, but the portal crashed got marked late!",Anger
"Got scolded for using my phone, even though I was checking the syllabus!",Anger
"They changed the exam schedule at the last minute—again!""",Anger
"The same question we all asked was ignored, and now it’s in the test!",Anger
Waited 2 hours for the viva panel said “come tomorrow.”,Anger
"Lecturer gave vague project instructions and now blames us for delays!""",Anger
Lost marks for not using “Times New Roman” seriously?,Anger
"Wrote the entire report, and a teammate deleted it without backup!""",Anger
Lecturer uploaded notes at midnight and expected us to read before 8 a.m.,Anger
Got blamed for something in a group project that I didn’t even do!,Anger
"They changed the exam schedule at the last minute—again!""",Anger
"Lab equipment didn’t work, and I got marked for “incomplete.”",Anger
"""The system crashed during my project demo—so unfair!""",Anger
Lecturer changed the assignment topic after we finished it.,Anger
"""Worked day and night, but only one group member got credit!""",Anger
Got interrupted while presenting—twice!,Anger
"""The network was down during my online final-year interview!""",Anger
Didn’t get marks for my idea because I didn’t write it “properly.”,Anger
"""Lecturer asked for changes a night before the final submission!""",Anger
"""University admin misplaced my fee receipt and blamed me!""",Anger
Didn’t get marks for my idea because I didn’t write it “properly.”,Anger
"""Had to repeat the same documentation three times due to unclear instructions!""",Anger
"""We were marked late even though we submitted on time!""",Anger
"""The lab assistant shut the lab early without warning us. Lost all unsaved work!""",Anger
"""Another mandatory session scheduled during our final project prep!""",Anger
"""Supervisor ignored our emails for weeks and blamed us for delays!""",Anger
" ""All my hard work was dismissed because of a formatting issue!""",Anger
" ""We weren't informed about the syllabus change until the night before the exam!""",Anger
"""Someone took credit for my part in the group project during the review!""",Anger
I have my presentation tomorrow,Fear
I’m really scared about the final exam. What if I fail again?,Fear
I have low percentage of attendance ,Fear
This makes me nervous,Fear
I’m really nervous about the exam tomorrow... I don’t feel ready... ,Fear
i don't text when I'm scared.,Fear
When exam results released ,Fear
I’m feeling really anxious and unsure about what’s going to happen.,Fear
Bye,Fear
"I’m feeling really anxious right now. My mind keeps racing with “what ifs,” and I can’t seem to calm down. I just hope everything turns out okay.",Fear
"Exams are near, and I don’t feel ready.",Fear
Semester ,Fear
"I’m really scared… I don’t know what to do.
",Fear
Tomorrow i have project presentation ,Fear
No fear,Fear
fear,Fear
"I’m worried I’m not prepared enough. What if everything falls apart?

",Fear
My heart trembles with fear whenever I think about my lover.,Fear
I want to present in front of 100 people,Fear
Tomorrow is the deadline for the final submission.,Fear
"Lizard, traffic police ",Fear
I feel scare,Fear
You are alone in hostel,Fear
I am feeling fear,Fear
"My heart is racing,I don't know what is going to happen.I feel nervous and scared ",Fear
Getting a notification about exam results being released tomorrow.,Fear
I’m feeling really on edge right now. My heart keeps racing and every little sound makes me jump,Fear
I was alone at last night therefore I scared,Fear
I'm afraid... ,Fear
Alone,Fear
All is well ,Fear
I stay at home alone,Fear
When I see my results ,Fear
I see the exam papper,Fear
I have to sleep at night alone,Fear
When seeing gost,Fear
I got lost for a few minutes in a crowded place,Fear
Tomorrow i have to deliver  my unprepared speech ,Fear
God please protect me,Fear
"I’m feeling really anxious right now. My mind won’t stop racing, and I can’t help but worry about what might go wrong. I just wish I could calm down and feel safe.",Fear
I am very scared,Fear
"My mind is racing, and I can’t stop worrying.",Fear
" I’m feeling really anxious right now... Not sure what’s going to happen next, and it’s hard to calm my mind. Hoping things will be okay. 😨",Fear
When i get late night calls from my relatives ,Fear
I don't know how I am going to talk in front of the panel,Fear
I'm struggling a little bit. I feel like to share the things with you and need help to handle it... ,Fear
"I have a presentation tomorrow, and i'm scared i'll spoil",Fear
"I’m feeling really scared right now. There’s so much uncertainty, and I can’t stop thinking about what might go wrong",Fear
Iam shaking right now,Fear
Things doesn’t happen in proper time ,Fear
No more explanations,Fear
About World War 3 ,Fear
So sad ,Fear
I think about my future...that time I was scared...,Fear
Oh..what?,Fear
I am in dark i feel so fear,Fear
Tomorrow I have my exam,Fear
I’m anxious ,Fear
"Looking at all the indifference the people are showing towards this live genocide makes me so scary, especially when I think about what kind of world my child will be facing. I'm in a state of constant anxiety just trying to imagine myself in their shoes. 😥",Fear
What's if I get repeated again ?,Fear
It's not enough ,Fear
"""I have a big presentation tomorrow, and I’m so nervous. What if I mess up in front of everyone?""",Fear
Aiyo ,Fear
I don't know to tell exactly what's happen. But I know something is happening,Fear
That was really unfair,Fear
When a sound come in the midnight,Fear
Tomorrow is my viva and I’m really nervous… I hope I don’t mess up ,Fear
Losing a loved one,Fear
My heart is racing and  I am feeling nervous and uneasy. I don't have any ideas what to do next.,Fear
"I’m feeling really anxious right now. My mind’s racing and I can’t seem to shake this uneasy feeling. Just hoping things calm down soon.
",Fear
I’m feeling really uneasy right now—my mind keeps racing and I can’t shake this nervous feeling.,Fear
oh my god...,Fear
Whaaat? Really🙄,Fear
"I'm afraid to go through dark 
",Fear
bro seriously ?,Fear
I am not well ,Fear
How I am going to face the viva panel?,Fear
When walking alone at night in a deserted place,Fear
Examination ,Fear
"

""I'm feeling really anxious and nervous. My heart is racing, and I can't stop worrying about what might happen.""

",Fear
When I see ghost,Fear
"I’m feeling really anxious right now. My mind won’t stop racing, and there’s this tight feeling in my chest that won’t go away. I don’t know what’s coming next, and that uncertainty is overwhelming.",Fear
I scared,Fear
I don't want what to do ,Fear
When I didn't submit my assignment in a time ,Fear
I am nervous ,Fear
I am very fear thinking about professional exam,Fear
My hands are severing now,Fear
Suddenly wake up from sleep due to nightmare,Fear
"Don't show this to me, i can't see that",Fear
"When fail in a hard worked exam, definitely i have fear about next exam even if i do it also with hard work 🥹",Fear
😶,Fear
When I sleep at night lonely ,Fear
Im afraid i might fail,Fear
Living among this drugs using society,Fear
I'm very afraid ,Fear
"I saw a big accident at the last week, It was making me feel bad and scared.",Fear
When I see parents getting old,Fear
Something just doesn't feel right to me,Fear
"I felt fear before the viva presentation, worried that I might forget important points.",Fear
I felt fear when the lecturer suddenly called my name to answer a question during a Zoom session.,Fear
IAM scared ,Fear
I have to do the public speech tomorrow.,Fear
Results are released tomorrow ,Fear
I felt someone was following me when I passed cemetery.,Fear
"This place is full people, I feel so nervous.",Fear
Exams start tomorrow and I haven’t prepared enough.,Fear
To attend an interview ,Fear
"Forgot the presentation slides on exam day.
",Fear
"Lecturer said, “Pop quiz!” with a smile. 😰",Fear
Dean walked in while I was napping in class.,Fear
Accidentally sent the wrong file for final submission.,Fear
What iam going to do exam,Fear
Exam results are out tomorrow… can’t stop overthinking.,Fear
Got a call from the boss. No idea what it’s about. ,Fear
First day at a new university… feeling super nervous. ,Fear
Interview in an hour and my hands are literally sweating. ,Fear
There’s a weird noise downstairs and I’m home alone.,Fear
I have an intreview tomorrow.,Fear
"Finals are coming, and I don’t feel ready at all.",Fear
I’m scared I might fail this course.,Fear
I guess I won't pass the exams,Fear
What if I chose the wrong major?,Fear
I don’t think I’ll finish this project on time.,Fear
"My GPA is slipping, and it terrifies me",Fear
My stomach is in knots just thinking about tomorrow,Fear
Everyone else seems to have it together except me,Fear
I’m afraid I’ll mess up my presentation tomorrow.,Fear
What if I don’t get an internship? What’s next?,Fear
"Exam results are released, check the link i send you",Fear
I feel anxious even opening my student portal.,Fear
I worry that all this stress is affecting my health.,Fear
"""I feel like I’m frozen, unable to move or speak.",Fear
Can’t focus—my brain’s stuck in panic mode.,Fear
    I feel on edge like something bad is lurking nearby.,Fear
Breathing feels shallow and uneven when I get like this,Fear
Overthinking every word I said today.,Fear
Waiting feels like torture when your mind’s racing.,Fear
I am scared to go alone.,Fear
I do not feel safe here.,Fear
That noise scared me.,Fear
I can not stop worrying.,Fear
Today is my first day at work.,Fear
We have only one week for final examination.,Fear
Health report coming today… really scared. ,Fear
Spotted something moving in the dark outside.,Fear
Flight turbulence is getting worse. I hate this. ,Fear
"Accidentally liked her 2019 photo at 2 a.m.
",Fear
I’m so nervous for the viva tomorrow—I can barely sleep.,Fear
"Forgot my ID during the exam again.
",Fear
Heard strange noises in the house… alone and freaking out.,Fear
What if I don’t pass and have to repeat this semester?,Fear
What if I don’t get into the uni I applied for? I can’t stop worrying,Fear
I can't watch horror movies,Fear
Curious ,Fear
Haven’t studied at all for tomorrow’s exam,Fear
What if I fail this course?,Fear
Still haven’t heard back about my internship.,Fear
Presentation tomorrow and my slides aren’t ready.,Fear
Forgot to bring my ID,Fear
Did I submit the wrong file?!,Fear
Heart's racing every time I get an email notification.,Fear
The exam hall was silent—I could hear my anxiety.,Fear
Can’t remember anything I revised,Fear
Project evaluations tomorrow,Fear
"That awkward moment when the lecturer calls your name.

",Fear
Meeting with project supervisor,Fear
When I remember I have to do lot of works but I have no idea or experience ,Fear
When you get a message from unknown number,Fear
Our project presentation is scheduled to tomorrow morning ,Fear
Gastritis ,Fear
Exam hall is silent… and I forgot everything I studied!,Fear
Lecturer asked me to explain the diagram I didn’t even see it!,Fear
Results come out today. I keep refreshing the page with trembling hands.,Fear
Deadline in 3 hours and my laptop just crashed.,Fear
Got randomly called to present I wasn't even half ready!),Fear
Thought I submitted the assignment… turns out I didn’t click ‘Submit.’,Fear
Final-year viva is tomorrow and I keep forgetting everything I prepared.,Fear
Saw the word “surprise quiz” on the board my heart dropped!,Fear
"What if I don’t get a job after graduation?""",Fear
I think I messed up the final question… and it had the most marks!,Fear
Heard there might be a revaluation I don’t want my grade to drop.,Fear
"Getting cold feet about presenting my research to a panel of experts.""",Fear
Forgot to bring my ID card before the final exam panicked so hard!,Fear
"""Final result comes out next week. I can’t sleep properly.""",Fear
"The lecturer said, “Let’s have a quick test”—my brain froze!",Fear
"""Job interviews are lined up and I feel underprepared.""",Fear
My system froze while I was submitting the final project.,Fear
"""What if I fail to complete all the credit requirements on time?""",Fear
I was the last one to be called in for the viva—so much pressure!,Fear
"""What if I fail to complete all the credit requirements on time?""",Fear
" ""I don’t know what’s next after this degree. I feel lost.""",Fear
 I was the last one to be called in for the viva—so much pressure!,Fear
"""Don’t know how I’ll manage job hunting, project work, and exams all at once.""",Fear
"""Waiting for the final review feedback—if it’s negative, I’ll have to redo it all.""",Fear
"""My peers are getting offers and I’m still trying to figure out what I want.""",Fear
"""Presenting in front of industry experts tomorrow. Heart’s racing already.""",Fear
"""What if I leave university and never see my closest friends again?""",Fear
" ""Waiting for the viva results feels like torture—I keep overthinking.""",Fear
" ""Not sure I’ll be able to complete all project corrections in time.""",Fear
" ""The thought of saying goodbye to this campus is haunting me already.""",Fear
I just submitted my assignment,Neutral
I have classes from 8 to 4 today and then I’ll study for a while.,Neutral
"Today was a normal day , nothing special",Neutral
"Okay, that's fine",Neutral
Tomorrow have online lectures.. Full day ,Neutral
"got the point, I'll catch you later.",Neutral
When someone ask me to help them,Neutral
I’m not feeling at my best today. Just taking things slow.,Neutral
Hi,Neutral
"Just going through a regular day. Nothing too exciting, nothing too stressful — everything’s pretty normal right now.",Neutral
Next class is on Monday at 8 AM in L11.,Neutral
Fail ,Neutral
"Nothing much going on today, just a normal day.",Neutral
It is raining today and its ok,Neutral
Your are the Handsome boy,Neutral
neuter,Neutral
"Everything’s fine. Nothing new, just the usual routine.",Neutral
My heart feels calm whenever I think about my lover.,Neutral
Found a lizard in our dinner at hostel canteen,Neutral
I brush my teeth.,Neutral
Always neutral ,Neutral
I am fine,Neutral
You are okay ,Neutral
I am feeling neutral,Neutral
"I'm just going through the day as usual.Nothing special happened,and  everything feels pretty normal ",Neutral
Getting a text reminder about an appointment next week.,Neutral
Just going through the day as usual,Neutral
I have passed a course without getting a very good result.,Neutral
Hi,Neutral
Follow the routine ,Neutral
It's okay ,Neutral
I study hard ,Neutral
Now I'm sitting like neutral,Neutral
I am feel  goood  without my exam,Neutral
I have to cook,Neutral
When studying time,Neutral
I spent the day doing my usual routine ,Neutral
Today is a calm and quiet day  for me.,Neutral
All will be good,Neutral
Nothing much going on today. Just going through the usual routine and taking things as they come.,Neutral
I am OK ,Neutral
" Nothing too exciting or upsetting, just an ordinary day
",Neutral
"😐 Just an ordinary day—nothing special, nothing bad. Taking things as they come and staying steady.",Neutral
Studying everyday ,Neutral
I’ve completed my part of the task,Neutral
Everything is fine.. ,Neutral
Tomorrow we have lectures for 2 hours,Neutral
Just going through the day as usual. Nothing too exciting or stressful—everything’s pretty routine. ,Neutral
Just feeling better ,Neutral
When things happening smooth ,Neutral
All is well,Neutral
When someone misunderstanding me,Neutral
"J usually don't express my feelings 
 Always laughing,  even in a terrible situation.  And, mostly it's neutral.",Neutral
I went to temple and pray for my family,Neutral
It is ok,Neutral
Nothing,Neutral
I am sleepy ,Neutral
Cool buddy ,Neutral
"I see, I'm glad you were able to come out of it. Hope you're doing better now! 🙂",Neutral
"Nothing new, everything is happening as of the daily routine ",Neutral
Always be neutral ,Neutral
"""Just a regular day—nothing exciting, nothing bad. Just going with the flow.""",Neutral
Mm okay,Neutral
I'm okey,Neutral
Let's see how it goes,Neutral
Every morning sunrises,Neutral
"Just another normal day at uni—lectures, lunch, and heading back to the hostel. Nothing special today",Neutral
Having a homely cooked meal ,Neutral
I am just blank. ,Neutral
"Nothing much going on today—just a regular day. I'm feeling okay, not too up or down. Just going with the flow.",Neutral
"Nothing much going on—just a regular day. I’m feeling pretty neutral, not good or bad, just in between.",Neutral
it's so nice ,Neutral
Hi how are you?,Neutral
I'm okay with that. ,Neutral
hmm ahh ok,Neutral
I am fine,Neutral
I am going to sleep now ,Neutral
When miss the University bus,Neutral
In classroom ,Neutral
"I'm feeling okay today. Nothing special happened—just a normal, regular day. 😐

",Neutral
Nothing much importance ,Neutral
"Nothing too exciting going on today. Just going through the motions, getting things done, and keeping things steady. It’s one of those average days—not bad, not great, just… okay.",Neutral
I am normal,Neutral
I'm ok,Neutral
Going trip with my friends ,Neutral
It is ok,Neutral
I am ok,Neutral
I am fine ,Neutral
Get lunch at proper time,Neutral
I'm ok,Neutral
"90% mostly life is going line that, what ever happened we have to accept neutrally, otherwise no option 🙅🏻‍♀️",Neutral
🙄,Neutral
At my lectures time,Neutral
Hello,Neutral
If I finished my work perfectly ,Neutral
😊,Neutral
Nothing special going on ,Neutral
When I'm unjustly accused ,Neutral
Just finished all my works for the day and now relaxing a bit,Neutral
"I felt neutral while waiting for the next class to start, just scrolling through my notes.",Neutral
"I felt neutral while copying notes during a lecture without really thinking about the content.
",Neutral
Iam okay ,Neutral
We have lecture today,Neutral
Fear of losing others ,Neutral
I got new messages from a group chat.,Neutral
Today lecture is cancelled but it will be held on tomorrow ,Neutral
Attended lectures and came back to the hostel.,Neutral
If a lecture is canceled ,Neutral
"Went to class and played cricket afterward.
",Neutral
"Charged phone, watched memes, survived the day. 😐",Neutral
"Attended lab, ate bun, came back.
",Neutral
"Went to class, scrolled Instagram, came home.",Neutral
May be tomorrow ,Neutral
Just finished my assignments and now watching TV.,Neutral
"Went to class, took notes, and came back home. ",Neutral
Cleaned my room and did some laundry. Nothing much. ,Neutral
Attended all lectures today. Pretty regular day. ,Neutral
It’s been a quiet day. Got some work done and that’s about it.,Neutral
Had dinner.,Neutral
Just attended lectures and came back. Nothing special.,Neutral
"Same routine: eat, class, study, sleep.",Neutral
I took a nap,Neutral
"It’s a regular day. I’m just surviving, not thriving.",Neutral
"Not bad, not great. Just average, like always.",Neutral
"No drama today, thankfully. Just vibes.",Neutral
Finished my chores. Now just scrolling without purpose.,Neutral
"Library, lunch, lecture—repeat. That’s it.",Neutral
"Campus is quiet, and so am I.",Neutral
"I’m existing, not really feeling much today.",Neutral
I did deep clean my room yesterday ,Neutral
Just going with the flow. It’s that kind of day.,Neutral
Mood: neutral. Brain: idle. Motivation: meh.,Neutral
I feel like I’m on autopilot lately.,Neutral
Sometimes it’s okay to just be in the middle.,Neutral
Just floating through the day with no big feelings either way.,Neutral
"The usual routine, nothing new or exciting.",Neutral
Watching time pass without much to report.,Neutral
"Another day, another dollar—or just another day.",Neutral
I am fine.,Neutral
I will do it later.,Neutral
It does not matter to me.,Neutral
I have no opinion.,Neutral
I do not know what is happening in my life.,Neutral
I do not care,Neutral
"Ate dinner, scrolled through Insta, now heading to bed.",Neutral
Spent most of the day indoors. Weather's been okay.,Neutral
"Woke up late, went to gym, nothing special.",Neutral
"Sat in the canteen for hours doing nothing.
",Neutral
Nothing much today. Just went to class and came back.,Neutral
"Walked to class, yawned, came back.
",Neutral
"Watched a movie, now thinking of what to do next.",Neutral
Brain’s on autopilot. Just waiting for the weekend.,Neutral
"Had class, came back, scrolled for hours… same routine, different day.",Neutral
I'm good,Neutral
Sleepy ,Neutral
Class was okay,Neutral
Just another regular day on campus.,Neutral
"Lunch was fine, nothing special.",Neutral
Sat through the whole lecture but barely absorbed anything.,Neutral
"Got to campus, did my work, heading home.",Neutral
The weather’s just... there.,Neutral
"Didn’t get picked, but that’s alright.",Neutral
Nothing major happened today.,Neutral
"Same routine, different day.",Neutral
Event information messages,Neutral
Finished everything on the checklist,Neutral
Had dinner,Neutral
sleep and eat well,Neutral
Normal messages getting from club groups I am joining with,Neutral
Messages from Ex best friend,Neutral
Kind of okay,Neutral
"Took notes during class. Nothing special, just the usual routine.",Neutral
 Finished the assignment and submitted it. One task off the list.,Neutral
"Attended the lab session did what was required, nothing more.",Neutral
"Reviewed notes, submitted assignments, and helped a friend prep for an interview.""",Neutral
"Watched a recorded lecture. It was okay, nothing exciting.",Neutral
 Checked my timetable and joined the Zoom class on time.,Neutral
"Woke up, revised a bit, attended classes, went back to bed.""",Neutral
"Just another regular day at campus lectures, breaks, and more lectures.",Neutral
"Another day of research and project meetings. Nothing new.""",Neutral
"Library was quiet. Got some reading done, nothing remarkable.",Neutral
"Sat through the lecture. Not boring, not interesting either.",Neutral
"Had tea with my roommate and talked about life after graduation.""",Neutral
Revised the same topic again. I guess it's part of the process.,Neutral
"""It was just one of those days where nothing went wrong or right.""",Neutral
Downloaded lecture notes. Read a few pages. Closed it.,Neutral
"""Woke up, did some reading, responded to project emails, nothing major.""",Neutral
 Filled in attendance and listened to the lecture.,Neutral
"Woke up, did some reading, responded to project emails, nothing major.""",Neutral
Rewatched yesterday’s class. Just average content.,Neutral
"""The lab was open today, so I just sat and coded for hours.""",Neutral
" ""Printed project files, met the supervisor, walked home quietly.""",Neutral
Rewatched yesterday’s class. Just average content.,Neutral
"""Had a normal day—revised some notes, cleaned my room, took a nap.""",Neutral
" ""Attended project meetings and helped a junior with their assignments.""",Neutral
"""Just another day of sitting in the library with a laptop and coffee.""",Neutral
"""Woke up late, missed breakfast, worked on documentation, scrolled endlessly.""",Neutral
"""Day passed with nothing significant. Same schedule, different date.""",Neutral
"""Revised some topics, had coffee with a friend, came back home—nothing much.""",Neutral
"""Cleaned my room, recharged devices, updated task lists—just maintenance mode.""",Neutral
"""Woke up, stared at my screen for hours, did the minimum work required.""",Neutral
