message,emotion
"['finally', 'passed', 'exam', 'stressed']","joy
 (e.g., lecturer ended class 30 minutes-early blessing!.)"
"['alhamdulillah', 'finally', 'got', 'project', 'im', 'happy']","joy
 (e.g., lecturer ended class 30 minutes-early blessing!.)"
"['tomarrows', 'lecture', 'cancel']","joy
 (e.g., lecturer ended class 30 minutes-early blessing!.)"
['excited'],"joy
 (e.g., lecturer ended class 30 minutes-early blessing!.)"
"['im', 'happy', 'today', 'passed', 'subjects', 'exam']","joy
 (e.g., lecturer ended class 30 minutes-early blessing!.)"
['heyyyyyyyyyyyy'],"joy
 (e.g., lecturer ended class 30 minutes-early blessing!.)"
"['pass', 'exam']","joy
 (e.g., lecturer ended class 30 minutes-early blessing!.)"
"['finished', 'book', 'feel', 'good']","joy
 (e.g., lecturer ended class 30 minutes-early blessing!.)"
[],"joy
 (e.g., lecturer ended class 30 minutes-early blessing!.)"
"['surprise', 'lunch', 'best', 'friends', 'months', 'apart', 'laughed', 'nonstop', 'made', 'best', 'memories', 'heart', 'full']","joy
 (e.g., lecturer ended class 30 minutes-early blessing!.)"
"['really', 'well', 'presentation', 'im', 'happy']","joy
 (e.g., lecturer ended class 30 minutes-early blessing!.)"
['happy'],"joy
 (e.g., lecturer ended class 30 minutes-early blessing!.)"
"['im', 'happy', 'todayeverything', 'feels', 'right']","joy
 (e.g., lecturer ended class 30 minutes-early blessing!.)"
"['im', 'happy', 'see']","joy
 (e.g., lecturer ended class 30 minutes-early blessing!.)"
"['pass', 'semester', 'exam']","joy
 (e.g., lecturer ended class 30 minutes-early blessing!.)"
['happy'],"joy
 (e.g., lecturer ended class 30 minutes-early blessing!.)"
"['everything', 'feels', 'light', 'positive', 'today', 'im', 'genuinely', 'enjoying', 'every', 'moment']","joy
 (e.g., lecturer ended class 30 minutes-early blessing!.)"
"['thinking', 'lover', 'fills', 'heart', 'joy']","joy
 (e.g., lecturer ended class 30 minutes-early blessing!.)"
"['pass', 'exam']","joy
 (e.g., lecturer ended class 30 minutes-early blessing!.)"
"['dj', 'tonight', 'university']","joy
 (e.g., lecturer ended class 30 minutes-early blessing!.)"
"['bike', 'full', 'tank', 'petrol']","joy
 (e.g., lecturer ended class 30 minutes-early blessing!.)"
"['im', 'happy']","joy
 (e.g., lecturer ended class 30 minutes-early blessing!.)"
['vacation'],"joy
 (e.g., lecturer ended class 30 minutes-early blessing!.)"
"['feeling', 'joy']","joy
 (e.g., lecturer ended class 30 minutes-early blessing!.)"
"['im', 'happy', 'everything', 'feels', 'perfectand', 'cant', 'stop', 'smilinglife', 'beautiful']","joy
 (e.g., lecturer ended class 30 minutes-early blessing!.)"
"['next', 'book', 'favourite', 'book', 'series', 'gets', 'published']","joy
 (e.g., lecturer ended class 30 minutes-early blessing!.)"
"['im', 'feeling', 'absolutely', 'wonderful', 'today']","joy
 (e.g., lecturer ended class 30 minutes-early blessing!.)"
"['got', 'selected', 'course', 'study']","joy
 (e.g., lecturer ended class 30 minutes-early blessing!.)"
"['praise', 'almighty']","joy
 (e.g., lecturer ended class 30 minutes-early blessing!.)"
['friends'],"joy
 (e.g., lecturer ended class 30 minutes-early blessing!.)"
"['happy', 'always']","joy
 (e.g., lecturer ended class 30 minutes-early blessing!.)"
"['visit', 'foreign']","joy
 (e.g., lecturer ended class 30 minutes-early blessing!.)"
"['im', 'talking', 'favourite', 'person']","joy
 (e.g., lecturer ended class 30 minutes-early blessing!.)"
"['every', 'thing', 'well']","joy
 (e.g., lecturer ended class 30 minutes-early blessing!.)"
"['watching', 'cricket']","joy
 (e.g., lecturer ended class 30 minutes-early blessing!.)"
['family'],"joy
 (e.g., lecturer ended class 30 minutes-early blessing!.)"
"['received', 'surprise', 'birthday', 'gift', 'loved', 'ones']","joy
 (e.g., lecturer ended class 30 minutes-early blessing!.)"
"['today', 'great', 'time', 'best', 'friend']","joy
 (e.g., lecturer ended class 30 minutes-early blessing!.)"
"['praise', 'god']","joy
 (e.g., lecturer ended class 30 minutes-early blessing!.)"
"['im', 'feeling', 'incredibly', 'happy', 'right', 'everything', 'feels', 'right', 'cant', 'stop', 'smiling', 'today', 'truly', 'good', 'day']","joy
 (e.g., lecturer ended class 30 minutes-early blessing!.)"
"['happy', 'mood', 'today']","joy
 (e.g., lecturer ended class 30 minutes-early blessing!.)"
"['im', 'feeling', 'happy', 'right']","joy
 (e.g., lecturer ended class 30 minutes-early blessing!.)"
"['im', 'feeling', 'happy', 'today', 'everything', 'feels', 'bright', 'full', 'possibilities', 'grateful', 'little', 'things', 'bring', 'big', 'smiles']","joy
 (e.g., lecturer ended class 30 minutes-early blessing!.)"
"['someone', 'says', 'love', 'character']","joy
 (e.g., lecturer ended class 30 minutes-early blessing!.)"
"['going', 'trip', 'next', 'week']","joy
 (e.g., lecturer ended class 30 minutes-early blessing!.)"
"['feel', 'incredibly', 'happy', 'today', 'alhamdhulilllahh']","joy
 (e.g., lecturer ended class 30 minutes-early blessing!.)"
"['booked', 'dream', 'trip', 'excited']","joy
 (e.g., lecturer ended class 30 minutes-early blessing!.)"
"['today', 'feels', 'amazing', 'im', 'overflowing', 'happiness', 'gratitude']","joy
 (e.g., lecturer ended class 30 minutes-early blessing!.)"
"['im', 'happy', 'right', 'cant', 'stop', 'smiling']","joy
 (e.g., lecturer ended class 30 minutes-early blessing!.)"
"['seeing', 'life', 'partner']","joy
 (e.g., lecturer ended class 30 minutes-early blessing!.)"
"['im', 'excited']","joy
 (e.g., lecturer ended class 30 minutes-early blessing!.)"
"['friend', 'found', 'good', 'partner']","joy
 (e.g., lecturer ended class 30 minutes-early blessing!.)"
['hehe'],"joy
 (e.g., lecturer ended class 30 minutes-early blessing!.)"
"['met', 'boyfriend', 'one', 'year', 'felt', 'happy']","joy
 (e.g., lecturer ended class 30 minutes-early blessing!.)"
['waw'],"joy
 (e.g., lecturer ended class 30 minutes-early blessing!.)"
"['university', 'life', 'happy']","joy
 (e.g., lecturer ended class 30 minutes-early blessing!.)"
"['selected', 'foreign', 'university']","joy
 (e.g., lecturer ended class 30 minutes-early blessing!.)"
"['yaaaayyyyy', 'im', 'super', 'excited']","joy
 (e.g., lecturer ended class 30 minutes-early blessing!.)"
"['im', 'happy', 'let', 'know', 'ive', 'passed', 'subjects', 'im', 'eligible', 'writer', 'next', 'semester', 'exams', 'dont', 'even', 'remember', 'managed', 'answer', 'questions']","joy
 (e.g., lecturer ended class 30 minutes-early blessing!.)"
"['soo', 'much', 'fun', 'much', 'needed']","joy
 (e.g., lecturer ended class 30 minutes-early blessing!.)"
['enjoy'],"joy
 (e.g., lecturer ended class 30 minutes-early blessing!.)"
"['got', 'results', 'passed', 'flying', 'colors', 'im', 'happy', 'relieved', 'right']","joy
 (e.g., lecturer ended class 30 minutes-early blessing!.)"
['hurray'],"joy
 (e.g., lecturer ended class 30 minutes-early blessing!.)"
"['hey', 'dude', 'best']","joy
 (e.g., lecturer ended class 30 minutes-early blessing!.)"
"['made', 'may', 'day']","joy
 (e.g., lecturer ended class 30 minutes-early blessing!.)"
"['good', 'favorite']","joy
 (e.g., lecturer ended class 30 minutes-early blessing!.)"
"['finally', 'finished', 'assignment', 'deadline', 'feeling', 'happy', 'relieved']","joy
 (e.g., lecturer ended class 30 minutes-early blessing!.)"
"['arrange', 'go', 'atrip']","joy
 (e.g., lecturer ended class 30 minutes-early blessing!.)"
"['im', 'feeling', 'really', 'happy', 'today', 'everything', 'feels', 'good']","joy
 (e.g., lecturer ended class 30 minutes-early blessing!.)"
"['feeling', 'really', 'happy', 'right', 'nowhad', 'say', 'hope', 'youre', 'good', 'day']","joy
 (e.g., lecturer ended class 30 minutes-early blessing!.)"
"['feeling', 'really', 'happy', 'todayjust', 'one', 'good', 'days', 'everything', 'feels', 'right']","joy
 (e.g., lecturer ended class 30 minutes-early blessing!.)"
['alhamdulillah'],"joy
 (e.g., lecturer ended class 30 minutes-early blessing!.)"
"['hey', 'whats']","joy
 (e.g., lecturer ended class 30 minutes-early blessing!.)"
"['im', 'lucky', 'life']","joy
 (e.g., lecturer ended class 30 minutes-early blessing!.)"
"['chilll', 'brooo']","joy
 (e.g., lecturer ended class 30 minutes-early blessing!.)"
['fine'],"joy
 (e.g., lecturer ended class 30 minutes-early blessing!.)"
"['selected', '4th', 'year', 'special', 'honors', 'degree']","joy
 (e.g., lecturer ended class 30 minutes-early blessing!.)"
"['friends', 'suddenly', 'come', 'house']","joy
 (e.g., lecturer ended class 30 minutes-early blessing!.)"
"['university', 'trip']","joy
 (e.g., lecturer ended class 30 minutes-early blessing!.)"
"['im', 'feeling', 'happy', 'right', 'everything', 'going', 'well', 'cant', 'stop', 'smiling']","joy
 (e.g., lecturer ended class 30 minutes-early blessing!.)"
"['get', 'credit', 'favourite', 'person']","joy
 (e.g., lecturer ended class 30 minutes-early blessing!.)"
"['im', 'feeling', 'absolutely', 'amazing', 'today', 'everything', 'feels', 'right', 'im', 'grateful', 'little', 'moments', 'bring', 'much', 'happiness', 'smiling', 'nonstop', 'sending', 'good', 'vibes', 'way']","joy
 (e.g., lecturer ended class 30 minutes-early blessing!.)"
['happy'],"joy
 (e.g., lecturer ended class 30 minutes-early blessing!.)"
"['im', 'going', 'home']","joy
 (e.g., lecturer ended class 30 minutes-early blessing!.)"
"['achieved', 'goal', 'prayed']","joy
 (e.g., lecturer ended class 30 minutes-early blessing!.)"
['happy'],"joy
 (e.g., lecturer ended class 30 minutes-early blessing!.)"
"['happy', 'sharing', 'information']","joy
 (e.g., lecturer ended class 30 minutes-early blessing!.)"
"['tomorrow', 'l', 'go', 'trip']","joy
 (e.g., lecturer ended class 30 minutes-early blessing!.)"
"['going', 'trip']","joy
 (e.g., lecturer ended class 30 minutes-early blessing!.)"
"['im', 'happy']","joy
 (e.g., lecturer ended class 30 minutes-early blessing!.)"
"['returning', 'home', 'hostel']","joy
 (e.g., lecturer ended class 30 minutes-early blessing!.)"
"['successed', 'career']","joy
 (e.g., lecturer ended class 30 minutes-early blessing!.)"
"['feel', 'excited', 'today']","joy
 (e.g., lecturer ended class 30 minutes-early blessing!.)"
"['got', 'best', 'results', 'exam']","joy
 (e.g., lecturer ended class 30 minutes-early blessing!.)"
"['met', 'friends', 'yesterday', 'unexpectedly']","joy
 (e.g., lecturer ended class 30 minutes-early blessing!.)"
"['talking', 'god', 'parents']","joy
 (e.g., lecturer ended class 30 minutes-early blessing!.)"
"['everything', 'seems', 'going', 'right']","joy
 (e.g., lecturer ended class 30 minutes-early blessing!.)"
"['happy', 'understood', 'tough', 'concept', 'statistics', 'practical', 'struggling', 'days']","joy
 (e.g., lecturer ended class 30 minutes-early blessing!.)"
"['felt', 'joy', 'saw', 'name', 'deans', 'list', 'semester', 'results', 'released']","joy
 (e.g., lecturer ended class 30 minutes-early blessing!.)"
"['iam', 'happy']","joy
 (e.g., lecturer ended class 30 minutes-early blessing!.)"
"['passed', 'examinations']","joy
 (e.g., lecturer ended class 30 minutes-early blessing!.)"
"['going', 'home']","joy
 (e.g., lecturer ended class 30 minutes-early blessing!.)"
['excited'],"joy
 (e.g., lecturer ended class 30 minutes-early blessing!.)"
"['feel', 'happy', 'play', 'nephew']","joy
 (e.g., lecturer ended class 30 minutes-early blessing!.)"
"['got', 'selected', 'university', 'badminton', 'team']","joy
 (e.g., lecturer ended class 30 minutes-early blessing!.)"
"['got', 'good', 'result', 'semester', 'exam']","joy
 (e.g., lecturer ended class 30 minutes-early blessing!.)"
"['interfaculty', 'football', 'match']","joy
 (e.g., lecturer ended class 30 minutes-early blessing!.)"
"['replied', 'haha', 'instead', 'ignoring']","joy
 (e.g., lecturer ended class 30 minutes-early blessing!.)"
"['got', 'free', 'lunch', 'senior', 'today']","joy
 (e.g., lecturer ended class 30 minutes-early blessing!.)"
"['got', 'first', 'internship', 'offer', 'today']","joy
 (e.g., lecturer ended class 30 minutes-early blessing!.)"
"['good', 'day']","joy
 (e.g., lecturer ended class 30 minutes-early blessing!.)"
"['top', 'rank', 'class', 'semester', 'grinding', 'paid']","joy
 (e.g., lecturer ended class 30 minutes-early blessing!.)"
"['scored', 'winning', 'goal', 'today', 'felt', 'amazing']","joy
 (e.g., lecturer ended class 30 minutes-early blessing!.)"
"['got', 'dream', 'job', 'lets', 'goooo']","joy
 (e.g., lecturer ended class 30 minutes-early blessing!.)"
"['finally', 'bought', 'first', 'bike', 'cant', 'stop', 'smiling']","joy
 (e.g., lecturer ended class 30 minutes-early blessing!.)"
"['perfect', 'day', 'favorite', 'people']","joy
 (e.g., lecturer ended class 30 minutes-early blessing!.)"
"['scored', 'goal', 'todays', 'match']","joy
 (e.g., lecturer ended class 30 minutes-early blessing!.)"
"['finally', 'submitted', 'assignment', 'earlyfeeling', 'accomplished']","joy
 (e.g., lecturer ended class 30 minutes-early blessing!.)"
"['guess', 'aced', 'midterm']","joy
 (e.g., lecturer ended class 30 minutes-early blessing!.)"
"['im', 'looking', 'great', 'today']","joy
 (e.g., lecturer ended class 30 minutes-early blessing!.)"
"['group', 'project', 'actually', 'went', 'well', 'miracles', 'happen']","joy
 (e.g., lecturer ended class 30 minutes-early blessing!.)"
"['got', 'internship', 'offer', 'todayim', 'hyped']","joy
 (e.g., lecturer ended class 30 minutes-early blessing!.)"
"['coffee', 'friends', 'lectures', 'perfect', 'day']","joy
 (e.g., lecturer ended class 30 minutes-early blessing!.)"
"['got', 'tickets', 'dream', 'concert']","joy
 (e.g., lecturer ended class 30 minutes-early blessing!.)"
"['lectures', 'cancelled', 'today', 'feel', 'free']","joy
 (e.g., lecturer ended class 30 minutes-early blessing!.)"
"['got', 'great', 'feedback', 'professormade', 'day']","joy
 (e.g., lecturer ended class 30 minutes-early blessing!.)"
"['best', 'study', 'session', 'ever', 'felt', 'productive']","joy
 (e.g., lecturer ended class 30 minutes-early blessing!.)"
"['got', 'admission', 'dream', 'university']","joy
 (e.g., lecturer ended class 30 minutes-early blessing!.)"
"['presentation', 'rocked', 'im', 'still', 'buzzing']","joy
 (e.g., lecturer ended class 30 minutes-early blessing!.)"
"['vibing', 'library', 'good', 'music', 'stress']","joy
 (e.g., lecturer ended class 30 minutes-early blessing!.)"
"['laughed', 'hard', 'today', 'forgot', 'worries']","joy
 (e.g., lecturer ended class 30 minutes-early blessing!.)"
"['today', 'perfect', 'mix', 'laughter', 'sunshine']","joy
 (e.g., lecturer ended class 30 minutes-early blessing!.)"
"['made', 'someone', 'smile', 'today', 'made', 'day']","joy
 (e.g., lecturer ended class 30 minutes-early blessing!.)"
"['finally', 'finished', 'tough', 'taskso', 'proud']","joy
 (e.g., lecturer ended class 30 minutes-early blessing!.)"
"['nothing', 'beats', 'warm', 'cozy', 'feeling', 'good', 'meal']","joy
 (e.g., lecturer ended class 30 minutes-early blessing!.)"
"['got', 'surprise', 'compliment', 'totally', 'made', 'blush']","joy
 (e.g., lecturer ended class 30 minutes-early blessing!.)"
"['made', 'smile']","joy
 (e.g., lecturer ended class 30 minutes-early blessing!.)"
"['today', 'great', 'day']","joy
 (e.g., lecturer ended class 30 minutes-early blessing!.)"
['proud'],"joy
 (e.g., lecturer ended class 30 minutes-early blessing!.)"
"['excited', 'weekend']","joy
 (e.g., lecturer ended class 30 minutes-early blessing!.)"
"['successfully', 'completed', 'diploma']","joy
 (e.g., lecturer ended class 30 minutes-early blessing!.)"
"['bought', 'new', 'car']","joy
 (e.g., lecturer ended class 30 minutes-early blessing!.)"
"['weekend', 'trip', 'boys', 'confirmed', 'time', 'chill']","joy
 (e.g., lecturer ended class 30 minutes-early blessing!.)"
"['guess', 'aced', 'coding', 'test', 'guy', 'right']","joy
 (e.g., lecturer ended class 30 minutes-early blessing!.)"
"['guess', 'aced', 'coding', 'test', 'guy', 'right']","joy
 (e.g., lecturer ended class 30 minutes-early blessing!.)"
"['mom', 'sent', 'homemade', 'biriyani', 'hostel']","joy
 (e.g., lecturer ended class 30 minutes-early blessing!.)"
"['finally', 'got', 'grade', 'hoping', 'forso', 'relieved']","joy
 (e.g., lecturer ended class 30 minutes-early blessing!.)"
"['lecturer', 'ended', 'class', '30', 'minutes', 'early', 'blessing']","joy
 (e.g., lecturer ended class 30 minutes-early blessing!.)"
"['referee', 'totally', 'biased', 'deserved', 'win']","joy
 (e.g., lecturer ended class 30 minutes-early blessing!.)"
"['met', 'amazing', 'people', 'club', 'fair', 'today']","joy
 (e.g., lecturer ended class 30 minutes-early blessing!.)"
"['bro', 'finally', 'nailed', 'penalty', 'shotfelt', 'like', 'pro']","joy
 (e.g., lecturer ended class 30 minutes-early blessing!.)"
"['praise', 'almighty']","joy
 (e.g., lecturer ended class 30 minutes-early blessing!.)"
"['didnt', 'well', 'assignment']","sadness  
 (e.g., missed the scholarship by just 1 mark.)"
"['ive', 'crying', 'alone', 'room', 'nothing', 'seems', 'going', 'right']","sadness  
 (e.g., missed the scholarship by just 1 mark.)"
"['tired', 'everything', 'lately']","sadness  
 (e.g., missed the scholarship by just 1 mark.)"
"['feeling', 'low', 'today']","sadness  
 (e.g., missed the scholarship by just 1 mark.)"
"['didnt', 'well', 'test', 'feeling', 'really', 'low', 'right']","sadness  
 (e.g., missed the scholarship by just 1 mark.)"
"['ok', 'noted']","sadness  
 (e.g., missed the scholarship by just 1 mark.)"
"['someone', 'understand']","sadness  
 (e.g., missed the scholarship by just 1 mark.)"
"['today', 'dont', 'really', 'feel', 'today', 'feel', 'empty']","sadness  
 (e.g., missed the scholarship by just 1 mark.)"
[],"sadness  
 (e.g., missed the scholarship by just 1 mark.)"
"['feeling', 'really', 'low', 'today', 'days', 'weigh', 'heavier', 'others', 'trying', 'hold', 'breathe']","sadness  
 (e.g., missed the scholarship by just 1 mark.)"
"['passed', 'marks', 'lower', 'hoped']","sadness  
 (e.g., missed the scholarship by just 1 mark.)"
['miss'],"sadness  
 (e.g., missed the scholarship by just 1 mark.)"
"['feeling', 'really', 'low', 'today']","sadness  
 (e.g., missed the scholarship by just 1 mark.)"
"['feel', 'alone', 'without']","sadness  
 (e.g., missed the scholarship by just 1 mark.)"
['breakup'],"sadness  
 (e.g., missed the scholarship by just 1 mark.)"
['sad'],"sadness  
 (e.g., missed the scholarship by just 1 mark.)"
"['feeling', 'really', 'today', 'nothing', 'seems', 'going', 'right', 'feel', 'emotionally', 'drained']","sadness  
 (e.g., missed the scholarship by just 1 mark.)"
"['heart', 'feels', 'heavy', 'whenever', 'think', 'lover']","sadness  
 (e.g., missed the scholarship by just 1 mark.)"
"['repeated', 'exam']","sadness  
 (e.g., missed the scholarship by just 1 mark.)"
"['current', 'gpa', 'less', '3']","sadness  
 (e.g., missed the scholarship by just 1 mark.)"
['rules'],"sadness  
 (e.g., missed the scholarship by just 1 mark.)"
"['mind', 'everything']","sadness  
 (e.g., missed the scholarship by just 1 mark.)"
"['next', 'exam']","sadness  
 (e.g., missed the scholarship by just 1 mark.)"
"['feeling', 'sad']","sadness  
 (e.g., missed the scholarship by just 1 mark.)"
"['feel', 'really', 'lowits', 'like', 'theres', 'cloud', 'cant', 'shake']","sadness  
 (e.g., missed the scholarship by just 1 mark.)"
"['favourite', 'book', 'character', 'dies']","sadness  
 (e.g., missed the scholarship by just 1 mark.)"
"['im', 'feeling', 'really', 'right']","sadness  
 (e.g., missed the scholarship by just 1 mark.)"
"['purse', 'missed']","sadness  
 (e.g., missed the scholarship by just 1 mark.)"
"['okay', 'im', 'used']","sadness  
 (e.g., missed the scholarship by just 1 mark.)"
"['scolding', 'parents']","sadness  
 (e.g., missed the scholarship by just 1 mark.)"
"['every', 'sad', 'situation', 'brings', 'big', 'strength']","sadness  
 (e.g., missed the scholarship by just 1 mark.)"
"['iam', 'selected', 'interview']","sadness  
 (e.g., missed the scholarship by just 1 mark.)"
"['im', 'pass', 'exam']","sadness  
 (e.g., missed the scholarship by just 1 mark.)"
"['lost', 'money', 'pawvch']","sadness  
 (e.g., missed the scholarship by just 1 mark.)"
"['tomorrow', 'exam', 'day']","sadness  
 (e.g., missed the scholarship by just 1 mark.)"
['alone'],"sadness  
 (e.g., missed the scholarship by just 1 mark.)"
"['best', 'friend', 'moved', 'another', 'city']","sadness  
 (e.g., missed the scholarship by just 1 mark.)"
"['studied', 'hard', 'eventhough', 'got', 'low', 'result']","sadness  
 (e.g., missed the scholarship by just 1 mark.)"
['cant'],"sadness  
 (e.g., missed the scholarship by just 1 mark.)"
"['im', 'feeling', 'really', 'today', 'like', 'heavy', 'cloud', 'hanging', 'cant', 'seem', 'shake', 'hope', 'tomorrow', 'feels', 'little', 'lighter']","sadness  
 (e.g., missed the scholarship by just 1 mark.)"
['problem'],"sadness  
 (e.g., missed the scholarship by just 1 mark.)"
"['heart', 'feels', 'heavy']","sadness  
 (e.g., missed the scholarship by just 1 mark.)"
"['feeling', 'bit', 'today', 'sometimes', 'things', 'dont', 'go', 'hoped', 'hard', 'shake', 'heaviness', 'hoping', 'brighter', 'moments', 'soon']","sadness  
 (e.g., missed the scholarship by just 1 mark.)"
"['message', 'says', 'lectures', 'weekends', 'well']","sadness  
 (e.g., missed the scholarship by just 1 mark.)"
"['failed', 'subject', 'last', 'exam']","sadness  
 (e.g., missed the scholarship by just 1 mark.)"
"['day', 'feel', 'today', 'insha', 'allah', 'hope', 'get', 'track']","sadness  
 (e.g., missed the scholarship by just 1 mark.)"
"['really', 'hard', 'understand', 'lectures', 'english', 'feel', 'lost', 'frustrated']","sadness  
 (e.g., missed the scholarship by just 1 mark.)"
"['im', 'feeling', 'really', 'today', 'one', 'moments', 'everything', 'feels', 'heavy']","sadness  
 (e.g., missed the scholarship by just 1 mark.)"
"['feel', 'like', 'im', 'crying']","sadness  
 (e.g., missed the scholarship by just 1 mark.)"
"['someone', 'saying', 'living', 'sad']","sadness  
 (e.g., missed the scholarship by just 1 mark.)"
"['cant', 'stop', 'crying']","sadness  
 (e.g., missed the scholarship by just 1 mark.)"
"['genocides', 'gaza', 'people']","sadness  
 (e.g., missed the scholarship by just 1 mark.)"
['sad'],"sadness  
 (e.g., missed the scholarship by just 1 mark.)"
"['boyfriend', 'return', 'abroad', 'within', '1', 'week', 'feel', 'sad']","sadness  
 (e.g., missed the scholarship by just 1 mark.)"
['hmm'],"sadness  
 (e.g., missed the scholarship by just 1 mark.)"
"['feel', 'lost', 'everything', 'life']","sadness  
 (e.g., missed the scholarship by just 1 mark.)"
"['tried', 'best', 'got', 'fail']","sadness  
 (e.g., missed the scholarship by just 1 mark.)"
"['huh', 'im', 'alright']","sadness  
 (e.g., missed the scholarship by just 1 mark.)"
"['pain', 'go', 'expressed', 'mere', 'words', 'feel', 'like', 'im', 'falling', 'abyss', 'something', 'heavy', 'tugs', 'heart']","sadness  
 (e.g., missed the scholarship by just 1 mark.)"
"['may', 'way', 'handled']","sadness  
 (e.g., missed the scholarship by just 1 mark.)"
"['im', 'feel', 'good']","sadness  
 (e.g., missed the scholarship by just 1 mark.)"
"['tried', 'best', 'things', 'didnt', 'go', 'way', 'hoped', 'feeling', 'really', 'today']","sadness  
 (e.g., missed the scholarship by just 1 mark.)"
"['changed', 'lot']","sadness  
 (e.g., missed the scholarship by just 1 mark.)"
"['miss', 'moments']","sadness  
 (e.g., missed the scholarship by just 1 mark.)"
"['miss', 'closest', 'person', 'life']","sadness  
 (e.g., missed the scholarship by just 1 mark.)"
"['studied', 'really', 'hard', 'exam', 'didnt', 'get', 'marks', 'expected', 'feeling']","sadness  
 (e.g., missed the scholarship by just 1 mark.)"
"['loss', 'family', 'member']","sadness  
 (e.g., missed the scholarship by just 1 mark.)"
"['done', 'life', 'everything', 'seems', 'messed', 'around', 'stressed']","sadness  
 (e.g., missed the scholarship by just 1 mark.)"
"['feeling', 'bit', 'today', 'really', 'sure', 'one', 'days', 'guess']","sadness  
 (e.g., missed the scholarship by just 1 mark.)"
"['feeling', 'bit', 'todayjust', 'one', 'days', 'everything', 'feels', 'little', 'heavier', 'usual']","sadness  
 (e.g., missed the scholarship by just 1 mark.)"
['hasbunallah'],"sadness  
 (e.g., missed the scholarship by just 1 mark.)"
"['well', 'feeling', 'sad']","sadness  
 (e.g., missed the scholarship by just 1 mark.)"
"['made', 'cry', 'infront', 'everyone']","sadness  
 (e.g., missed the scholarship by just 1 mark.)"
"['need', 'theraphy']","sadness  
 (e.g., missed the scholarship by just 1 mark.)"
['well'],"sadness  
 (e.g., missed the scholarship by just 1 mark.)"
"['enough', 'money', 'help', 'someone']","sadness  
 (e.g., missed the scholarship by just 1 mark.)"
"['didnt', 'get', 'results', 'expected', 'semester', 'exam']","sadness  
 (e.g., missed the scholarship by just 1 mark.)"
['arriyerreferd'],"sadness  
 (e.g., missed the scholarship by just 1 mark.)"
"['feel', 'really', 'today', 'like', 'theres', 'heavy', 'weight', 'heart', 'dont', 'energy', 'anything']","sadness  
 (e.g., missed the scholarship by just 1 mark.)"
"['whenever', 'get', 'bad', 'comments']","sadness  
 (e.g., missed the scholarship by just 1 mark.)"
"['lately', 'ive', 'feeling', 'really', 'low', 'one', 'days', 'everything', 'feels', 'bit', 'heavier', 'usual', 'im', 'trying', 'stay', 'strong', 'tough', 'needed', 'let']","sadness  
 (e.g., missed the scholarship by just 1 mark.)"
['worry'],"sadness  
 (e.g., missed the scholarship by just 1 mark.)"
"['im', 'tired']","sadness  
 (e.g., missed the scholarship by just 1 mark.)"
"['best', 'friend', 'understands', 'wrongly']","sadness  
 (e.g., missed the scholarship by just 1 mark.)"
"['feel', 'sorry']","sadness  
 (e.g., missed the scholarship by just 1 mark.)"
"['sad', 'hearing']","sadness  
 (e.g., missed the scholarship by just 1 mark.)"
"['unlucky', 'today']","sadness  
 (e.g., missed the scholarship by just 1 mark.)"
"['working', '7', 'days', 'week']","sadness  
 (e.g., missed the scholarship by just 1 mark.)"
"['cant', 'believe']","sadness  
 (e.g., missed the scholarship by just 1 mark.)"
"['returning', 'hostel', 'home']","sadness  
 (e.g., missed the scholarship by just 1 mark.)"
"['close', 'friend', 'avoid', 'without', 'reason']","sadness  
 (e.g., missed the scholarship by just 1 mark.)"
"['im', 'worried', 'results']","sadness  
 (e.g., missed the scholarship by just 1 mark.)"
"['time', 'spent', 'friends', 'past']","sadness  
 (e.g., missed the scholarship by just 1 mark.)"
"['think', 'mother', 'father']","sadness  
 (e.g., missed the scholarship by just 1 mark.)"
"['dont', 'get', 'peaceful', 'sleep']","sadness  
 (e.g., missed the scholarship by just 1 mark.)"
"['iam', 'good', 'feels', 'like', 'heavy', 'cloud', 'hanging']","sadness  
 (e.g., missed the scholarship by just 1 mark.)"
"['felt', 'sad', 'couldnt', 'attend', 'important', 'campus', 'event', 'travel', 'home', 'unexpectedly']","sadness  
 (e.g., missed the scholarship by just 1 mark.)"
"['felt', 'sad', 'didnt', 'get', 'mark', 'expected', 'internet', 'programming', 'assignment', 'working', 'hard']","sadness  
 (e.g., missed the scholarship by just 1 mark.)"
"['feel', 'sad']","sadness  
 (e.g., missed the scholarship by just 1 mark.)"
"['failed', 'important', 'exam']","sadness  
 (e.g., missed the scholarship by just 1 mark.)"
"['tomorrow', 'go', 'university']","sadness  
 (e.g., missed the scholarship by just 1 mark.)"
"['oops', 'failed', 'exam']","sadness  
 (e.g., missed the scholarship by just 1 mark.)"
"['laptop', 'broken', 'days', 'ago', 'felt', 'lost']","sadness  
 (e.g., missed the scholarship by just 1 mark.)"
"['couldnt', 'attend', 'family', 'function', 'due', 'semester', 'exam']","sadness  
 (e.g., missed the scholarship by just 1 mark.)"
"['failed', 'subject']","sadness  
 (e.g., missed the scholarship by just 1 mark.)"
"['best', 'friend', 'dropped', 'semester']","sadness  
 (e.g., missed the scholarship by just 1 mark.)"
"['canteen', 'ran', 'kottu', 'got']","sadness  
 (e.g., missed the scholarship by just 1 mark.)"
"['bike', 'broke', 'way', 'uni']","sadness  
 (e.g., missed the scholarship by just 1 mark.)"
"['favorite', 'lecturer', 'leaving', 'university']","sadness  
 (e.g., missed the scholarship by just 1 mark.)"
"['iam', 'alone']","sadness  
 (e.g., missed the scholarship by just 1 mark.)"
"['lost', 'match', 'last', 'still', 'cant', 'believe']","sadness  
 (e.g., missed the scholarship by just 1 mark.)"
"['failed', 'driving', 'test', 'feeling', 'low']","sadness  
 (e.g., missed the scholarship by just 1 mark.)"
"['left', 'without', 'saying', 'goodbye']","sadness  
 (e.g., missed the scholarship by just 1 mark.)"
"['didnt', 'get', 'selected', 'final', 'team', 'practice', 'gone']","sadness  
 (e.g., missed the scholarship by just 1 mark.)"
"['lost', 'phone', 'memories']","sadness  
 (e.g., missed the scholarship by just 1 mark.)"
"['missing', 'dad']","sadness  
 (e.g., missed the scholarship by just 1 mark.)"
"['studied', 'hard', 'still', 'didnt', 'well']","sadness  
 (e.g., missed the scholarship by just 1 mark.)"
"['feeling', 'homesick', 'miss', 'family']","sadness  
 (e.g., missed the scholarship by just 1 mark.)"
"['dog', 'died', 'accident']","sadness  
 (e.g., missed the scholarship by just 1 mark.)"
"['sometimes', 'feel', 'like', 'im', 'falling', 'behind', 'everyone', 'else']","sadness  
 (e.g., missed the scholarship by just 1 mark.)"
"['overwhelming', 'dont', 'know', 'keep']","sadness  
 (e.g., missed the scholarship by just 1 mark.)"
"['skipped', 'class', 'today', 'couldnt', 'handle']","sadness  
 (e.g., missed the scholarship by just 1 mark.)"
"['miss', 'old', 'days', 'thought', 'would']","sadness  
 (e.g., missed the scholarship by just 1 mark.)"
"['university', 'feel', 'lonely', 'sometimes']","sadness  
 (e.g., missed the scholarship by just 1 mark.)"
"['cried', 'bathroom', 'presentation']","sadness  
 (e.g., missed the scholarship by just 1 mark.)"
"['keep', 'trying', 'nothing', 'seems', 'work']","sadness  
 (e.g., missed the scholarship by just 1 mark.)"
"['missed', 'bus', 'today', 'walked', 'office']","sadness  
 (e.g., missed the scholarship by just 1 mark.)"
"['failed', 'quiz', 'thought', 'okay']","sadness  
 (e.g., missed the scholarship by just 1 mark.)"
"['im', 'exhausted', 'pretending', 'im', 'okay', 'time']","sadness  
 (e.g., missed the scholarship by just 1 mark.)"
"['smiling', 'outside', 'inside', 'im', 'tired']","sadness  
 (e.g., missed the scholarship by just 1 mark.)"
"['tried', 'best', 'still', 'wasnt', 'enough']","sadness  
 (e.g., missed the scholarship by just 1 mark.)"
"['hurts', 'people', 'trust', 'dont', 'trust', 'back']","sadness  
 (e.g., missed the scholarship by just 1 mark.)"
"['sinking', 'feeling', 'plans', 'fall', 'apart', 'last', 'minute']","sadness  
 (e.g., missed the scholarship by just 1 mark.)"
"['feels', 'like', 'everything', 'bit', 'heavy', 'today']","sadness  
 (e.g., missed the scholarship by just 1 mark.)"
"['miss', 'things', 'used', 'everything', 'changed']","sadness  
 (e.g., missed the scholarship by just 1 mark.)"
"['feel', 'lonely', 'sometimes']","sadness  
 (e.g., missed the scholarship by just 1 mark.)"
"['hard', 'let', 'go']","sadness  
 (e.g., missed the scholarship by just 1 mark.)"
"['news', 'made', 'cry']","sadness  
 (e.g., missed the scholarship by just 1 mark.)"
"['expect', 'happen']","sadness  
 (e.g., missed the scholarship by just 1 mark.)"
['worthless'],"sadness  
 (e.g., missed the scholarship by just 1 mark.)"
"['lost', 'wallet']","sadness  
 (e.g., missed the scholarship by just 1 mark.)"
"['scored', 'less', 'expected', 'disappointed']","sadness  
 (e.g., missed the scholarship by just 1 mark.)"
"['couldnt', 'attend', 'best', 'friends', 'birthday', 'feeling', 'really', 'bad']","sadness  
 (e.g., missed the scholarship by just 1 mark.)"
"['lost', 'project', 'data', 'laptop', 'crashed']","sadness  
 (e.g., missed the scholarship by just 1 mark.)"
"['favorite', 'hoodie', 'shrank', 'wash']","sadness  
 (e.g., missed the scholarship by just 1 mark.)"
"['didnt', 'get', 'selected', 'team', 'feeling', 'really']","sadness  
 (e.g., missed the scholarship by just 1 mark.)"
"['rain', 'ruined', 'boys', 'cricket', 'match', 'plan']","sadness  
 (e.g., missed the scholarship by just 1 mark.)"
"['argument', 'dad', 'hate', 'feeling']","sadness  
 (e.g., missed the scholarship by just 1 mark.)"
"['matter', 'hard', 'try', 'never', 'feels', 'enough']","sadness  
 (e.g., missed the scholarship by just 1 mark.)"
"['sometimes', 'feel', 'like', 'im', 'everyone', 'one', 'checks']","sadness  
 (e.g., missed the scholarship by just 1 mark.)"
"['didnt', 'get', 'expected', 'results']","sadness  
 (e.g., missed the scholarship by just 1 mark.)"
"['work', 'groupmates', 'nothing']","anger  
 (e.g.,  lecturer canceled the class last minute again!)"
"['worked', 'hard', 'still', 'didnt', 'get', 'selected', 'unfair']","anger  
 (e.g.,  lecturer canceled the class last minute again!)"
['unfair'],"anger  
 (e.g.,  lecturer canceled the class last minute again!)"
"['really', 'unfair']","anger  
 (e.g.,  lecturer canceled the class last minute again!)"
"['im', 'annoyed', 'worked', 'hard', 'group', 'project', 'still', 'got', 'low', 'grade']","anger  
 (e.g.,  lecturer canceled the class last minute again!)"
['hm'],"anger  
 (e.g.,  lecturer canceled the class last minute again!)"
"['someone', 'picking', 'call', 'want', 'talk']","anger  
 (e.g.,  lecturer canceled the class last minute again!)"
"['lied', 'im', 'mad']","anger  
 (e.g.,  lecturer canceled the class last minute again!)"
['bye'],"anger  
 (e.g.,  lecturer canceled the class last minute again!)"
"['im', 'feeling', 'really', 'today', 'nothing', 'seems', 'lift', 'mood', 'everything', 'feels', 'bit', 'heavy', 'carry', 'one', 'tough', 'days']","anger  
 (e.g.,  lecturer canceled the class last minute again!)"
"['worked', 'hard', 'still', 'got', 'blamed', 'fair']","anger  
 (e.g.,  lecturer canceled the class last minute again!)"
['repeat'],"anger  
 (e.g.,  lecturer canceled the class last minute again!)"
"['im', 'really', 'frustrated', 'right', 'nowthis', 'isnt', 'okay']","anger  
 (e.g.,  lecturer canceled the class last minute again!)"
"['getting', 'late', 'please', 'hurry']","anger  
 (e.g.,  lecturer canceled the class last minute again!)"
"['bike', 'break']","anger  
 (e.g.,  lecturer canceled the class last minute again!)"
['anger'],"anger  
 (e.g.,  lecturer canceled the class last minute again!)"
"['im', 'angry', 'disappointed', 'high', 'hopes', 'everything', 'fell', 'apart']","anger  
 (e.g.,  lecturer canceled the class last minute again!)"
"['heart', 'burns', 'anger', 'whenever', 'think', 'lover']","anger  
 (e.g.,  lecturer canceled the class last minute again!)"
"['today', 'lectures', '6', 'hours', 'continuously']","anger  
 (e.g.,  lecturer canceled the class last minute again!)"
"['poya', 'day', 'lecture', 'university']","anger  
 (e.g.,  lecturer canceled the class last minute again!)"
"['whenever', 'hear', 'read', 'see', 'injustice', 'happens', 'men']","anger  
 (e.g.,  lecturer canceled the class last minute again!)"
['kill'],"anger  
 (e.g.,  lecturer canceled the class last minute again!)"
"['said', 'wrong', 'good', 'thing']","anger  
 (e.g.,  lecturer canceled the class last minute again!)"
"['feeling', 'anger']","anger  
 (e.g.,  lecturer canceled the class last minute again!)"
"['im', 'angry', 'cant', 'believe', 'happened', 'trusted', 'friends', 'let']","anger  
 (e.g.,  lecturer canceled the class last minute again!)"
"['talking', 'someone', 'immature', 'age']","anger  
 (e.g.,  lecturer canceled the class last minute again!)"
"['im', 'honestly', 'really', 'frustrated', 'right']","anger  
 (e.g.,  lecturer canceled the class last minute again!)"
"['someone', 'scolds', 'without', 'making', 'mistakes']","anger  
 (e.g.,  lecturer canceled the class last minute again!)"
"['dont', 'call', 'im', 'going', 'talk']","anger  
 (e.g.,  lecturer canceled the class last minute again!)"
"['hearing', 'gossips']","anger  
 (e.g.,  lecturer canceled the class last minute again!)"
['think'],"anger  
 (e.g.,  lecturer canceled the class last minute again!)"
"['friends', 'cheating']","anger  
 (e.g.,  lecturer canceled the class last minute again!)"
"['someone', 'ignored']","anger  
 (e.g.,  lecturer canceled the class last minute again!)"
"['brother', 'broke', 'phone']","anger  
 (e.g.,  lecturer canceled the class last minute again!)"
"['treating', 'others', 'badly']","anger  
 (e.g.,  lecturer canceled the class last minute again!)"
"['wasting', 'time']","anger  
 (e.g.,  lecturer canceled the class last minute again!)"
"['someone', 'blamed', 'something', 'didnt']","anger  
 (e.g.,  lecturer canceled the class last minute again!)"
"['hard', 'believe', 'friend', 'talk', 'bad', 'others']","anger  
 (e.g.,  lecturer canceled the class last minute again!)"
"['god', 'please', 'curse']","anger  
 (e.g.,  lecturer canceled the class last minute again!)"
"['im', 'really', 'frustrated', 'right', 'things', 'didnt', 'go', 'way', 'honestly', 'exhausting', 'dealing', 'issues']","anger  
 (e.g.,  lecturer canceled the class last minute again!)"
"['dont', 'want', 'anyone']","anger  
 (e.g.,  lecturer canceled the class last minute again!)"
"['im', 'angry', 'right']","anger  
 (e.g.,  lecturer canceled the class last minute again!)"
"['im', 'really', 'frustrated', 'right', 'unfair', 'things', 'dont', 'go', 'way', 'feels', 'like', 'ones', 'listening', 'needs', 'change']","anger  
 (e.g.,  lecturer canceled the class last minute again!)"
"['someone', 'speaks', 'rudely']","anger  
 (e.g.,  lecturer canceled the class last minute again!)"
"['im', 'done', 'covering', 'people', 'dont', 'even', 'try']","anger  
 (e.g.,  lecturer canceled the class last minute again!)"
"['im', 'feeling', 'much', 'frustrated']","anger  
 (e.g.,  lecturer canceled the class last minute again!)"
"['lectures', 'weekend', 'feeling', 'tired', 'drained']","anger  
 (e.g.,  lecturer canceled the class last minute again!)"
"['im', 'really', 'frustrated', 'right', 'ive', 'patient', 'situation', 'keeps', 'repeating', 'exhausting']","anger  
 (e.g.,  lecturer canceled the class last minute again!)"
"['im', 'tired']","anger  
 (e.g.,  lecturer canceled the class last minute again!)"
"['give', 'import', 'phone', 'talking']","anger  
 (e.g.,  lecturer canceled the class last minute again!)"
"['im', 'done']","anger  
 (e.g.,  lecturer canceled the class last minute again!)"
"['someone', 'kicking', 'cats']","anger  
 (e.g.,  lecturer canceled the class last minute again!)"
['omg'],"anger  
 (e.g.,  lecturer canceled the class last minute again!)"
"['friends', 'talk', 'gossip', 'angry']","anger  
 (e.g.,  lecturer canceled the class last minute again!)"
"['mind', 'business']","anger  
 (e.g.,  lecturer canceled the class last minute again!)"
"['come', 'near', 'angry', 'come', 'surely', 'hit', 'please', 'maintain', 'distance']","anger  
 (e.g.,  lecturer canceled the class last minute again!)"
"['work', 'hard', 'assignment', 'team', 'members', 'scold']","anger  
 (e.g.,  lecturer canceled the class last minute again!)"
['freak'],"anger  
 (e.g.,  lecturer canceled the class last minute again!)"
"['regret', 'trusting', 'words', 'known', 'better', 'audacity', 'play', 'victim', 'mind', 'boggling', 'least', 'courage', 'accept', 'wrongdoing', 'without', 'giving', 'lame', 'excuses']","anger  
 (e.g.,  lecturer canceled the class last minute again!)"
"['wouldnt', 'even', 'care', 'said', 'something', 'else']","anger  
 (e.g.,  lecturer canceled the class last minute again!)"
['away'],"anger  
 (e.g.,  lecturer canceled the class last minute again!)"
"['promised', 'help', 'didnt', 'show', 'im', 'frustrated', 'disappointed']","anger  
 (e.g.,  lecturer canceled the class last minute again!)"
[],"anger  
 (e.g.,  lecturer canceled the class last minute again!)"
"['ill', 'talk', 'later']","anger  
 (e.g.,  lecturer canceled the class last minute again!)"
"['sure', 'face']","anger  
 (e.g.,  lecturer canceled the class last minute again!)"
"['someone', 'treat', 'us', 'badly']","anger  
 (e.g.,  lecturer canceled the class last minute again!)"
"['worked', 'group', 'project', 'alone', 'still', 'group', 'members', 'complained', 'frustrating']","anger  
 (e.g.,  lecturer canceled the class last minute again!)"
"['getting', 'blamed', 'im', 'wrong']","anger  
 (e.g.,  lecturer canceled the class last minute again!)"
"['im', 'mad', 'right', 'cant', 'even', 'explain', 'frustrated', 'feel', 'go', 'hell']","anger  
 (e.g.,  lecturer canceled the class last minute again!)"
"['im', 'honestly', 'really', 'frustrated', 'right', 'things', 'arent', 'going', 'way', 'starting', 'get']","anger  
 (e.g.,  lecturer canceled the class last minute again!)"
"['im', 'really', 'frustrated', 'right', 'nowthings', 'arent', 'going', 'way', 'hard', 'stay', 'calm']","anger  
 (e.g.,  lecturer canceled the class last minute again!)"
"['ohhh', 'shitttt']","anger  
 (e.g.,  lecturer canceled the class last minute again!)"
"['ohh', 'okay']","anger  
 (e.g.,  lecturer canceled the class last minute again!)"
['cheated'],"anger  
 (e.g.,  lecturer canceled the class last minute again!)"
"['go', 'hell']","anger  
 (e.g.,  lecturer canceled the class last minute again!)"
['well'],"anger  
 (e.g.,  lecturer canceled the class last minute again!)"
"['dont', 'make', 'option']","anger  
 (e.g.,  lecturer canceled the class last minute again!)"
"['mother', 'compared', 'skills', 'another']","anger  
 (e.g.,  lecturer canceled the class last minute again!)"
"['junior', 'obeying', 'us']","anger  
 (e.g.,  lecturer canceled the class last minute again!)"
"['im', 'angry', 'right', 'nothing', 'going', 'right', 'really', 'frustrating']","anger  
 (e.g.,  lecturer canceled the class last minute again!)"
"['someone', 'bad', 'things']","anger  
 (e.g.,  lecturer canceled the class last minute again!)"
"['im', 'honestly', 'really', 'frustrated', 'right', 'feels', 'like', 'things', 'completely', 'control', 'ive', 'enough', 'im', 'tired', 'patient', 'nothing', 'seems', 'change']","anger  
 (e.g.,  lecturer canceled the class last minute again!)"
['angry'],"anger  
 (e.g.,  lecturer canceled the class last minute again!)"
"['dont', 'want', 'talk']","anger  
 (e.g.,  lecturer canceled the class last minute again!)"
"['without', 'participating', 'group', 'project', 'one', 'group', 'member', 'telling', 'could', 'done', 'like']","anger  
 (e.g.,  lecturer canceled the class last minute again!)"
['angry'],"anger  
 (e.g.,  lecturer canceled the class last minute again!)"
"['angry', 'see', 'attitude']","anger  
 (e.g.,  lecturer canceled the class last minute again!)"
"['dont', 'need', 'involve']","anger  
 (e.g.,  lecturer canceled the class last minute again!)"
"['someone', 'scolds', 'without', 'reason']","anger  
 (e.g.,  lecturer canceled the class last minute again!)"
['kill'],"anger  
 (e.g.,  lecturer canceled the class last minute again!)"
"['even', 'loved', 'one', 'also', 'understand', 'us']","anger  
 (e.g.,  lecturer canceled the class last minute again!)"
['nothing'],"anger  
 (e.g.,  lecturer canceled the class last minute again!)"
"['phone', 'strucked', 'important', 'work']","anger  
 (e.g.,  lecturer canceled the class last minute again!)"
['happen'],"anger  
 (e.g.,  lecturer canceled the class last minute again!)"
"['anyone', 'hurts', 'without', 'mistakes']","anger  
 (e.g.,  lecturer canceled the class last minute again!)"
"['lot', 'workbut', 'demonstrator', 'didnt', 'praise', 'support', 'us']","anger  
 (e.g.,  lecturer canceled the class last minute again!)"
"['unnecessarily', 'disturbing', 'sleep']","anger  
 (e.g.,  lecturer canceled the class last minute again!)"
"['wont', 'say', 'anything']","anger  
 (e.g.,  lecturer canceled the class last minute again!)"
"['angry', 'internet', 'went', 'important', 'online', 'lecture', 'really', 'needed', 'attend']","anger  
 (e.g.,  lecturer canceled the class last minute again!)"
"['got', 'angry', 'laptop', 'suddenly', 'crashed', 'right', 'submitting', 'assignment', 'lms']","anger  
 (e.g.,  lecturer canceled the class last minute again!)"
"['iam', 'really', 'angry']","anger  
 (e.g.,  lecturer canceled the class last minute again!)"
"['friend', 'didnt', 'obey', 'words']","anger  
 (e.g.,  lecturer canceled the class last minute again!)"
"['group', 'member', 'doesnt', 'care', 'say']","anger  
 (e.g.,  lecturer canceled the class last minute again!)"
"['cut', 'line']","anger  
 (e.g.,  lecturer canceled the class last minute again!)"
"['doesnt', 'know', 'happened', 'blames']","anger  
 (e.g.,  lecturer canceled the class last minute again!)"
"['assignment', 'got', 'deleted', 'right', 'submission']","anger  
 (e.g.,  lecturer canceled the class last minute again!)"
"['someone', 'blames', 'without', 'knowing', 'truth']","anger  
 (e.g.,  lecturer canceled the class last minute again!)"
"['roommate', 'used', 'laptop', 'without', 'asking']","anger  
 (e.g.,  lecturer canceled the class last minute again!)"
"['group', 'project', 'everything']","anger  
 (e.g.,  lecturer canceled the class last minute again!)"
"['group', 'mates', 'ghosted', 'submission', 'day']","anger  
 (e.g.,  lecturer canceled the class last minute again!)"
"['wifi', 'died', 'online', 'assignment']","anger  
 (e.g.,  lecturer canceled the class last minute again!)"
"['iam', 'frustrated']","anger  
 (e.g.,  lecturer canceled the class last minute again!)"
"['waited', '2', 'hours', 'queue', 'said', 'system']","anger  
 (e.g.,  lecturer canceled the class last minute again!)"
"['lost', 'game', 'lag', 'frustrating']","anger  
 (e.g.,  lecturer canceled the class last minute again!)"
"['roommate', 'used', 'headphones', 'without', 'asking']","anger  
 (e.g.,  lecturer canceled the class last minute again!)"
"['plans', 'set', 'bailed', 'last', 'minute', 'cool']","anger  
 (e.g.,  lecturer canceled the class last minute again!)"
"['waited', 'hour', 'didnt', 'even', 'bother', 'show', 'inform']","anger  
 (e.g.,  lecturer canceled the class last minute again!)"
"['lectures', 'sunday']","anger  
 (e.g.,  lecturer canceled the class last minute again!)"
"['group', 'mates', 'didnt', 'anythingagain', 'im', 'done']","anger  
 (e.g.,  lecturer canceled the class last minute again!)"
"['professors', 'assign', 'everything']","anger  
 (e.g.,  lecturer canceled the class last minute again!)"
['cheated'],"anger  
 (e.g.,  lecturer canceled the class last minute again!)"
"['laptop', 'crashed', 'saved', 'assignment']","anger  
 (e.g.,  lecturer canceled the class last minute again!)"
"['marked', 'absent', 'even', 'though']","anger  
 (e.g.,  lecturer canceled the class last minute again!)"
"['people', 'talking', 'class', 'drives', 'mad']","anger  
 (e.g.,  lecturer canceled the class last minute again!)"
"['people', 'respected', 'time', 'things', 'wouldnt', 'mess']","anger  
 (e.g.,  lecturer canceled the class last minute again!)"
"['uni', 'wifi', 'always', 'die', 'submissions']","anger  
 (e.g.,  lecturer canceled the class last minute again!)"
"['exam', 'paper', 'nothing', 'like', 'taught']","anger  
 (e.g.,  lecturer canceled the class last minute again!)"
"['cant', 'believe', 'admin', 'lost', 'documents']","anger  
 (e.g.,  lecturer canceled the class last minute again!)"
"['replying', 'text', 'messages']","anger  
 (e.g.,  lecturer canceled the class last minute again!)"
"['hate', 'people', 'take', 'credit', 'work']","anger  
 (e.g.,  lecturer canceled the class last minute again!)"
"['semester', 'testing', 'patience', 'every', 'level']","anger  
 (e.g.,  lecturer canceled the class last minute again!)"
"['kept', 'quiet', 'keep', 'peace', 'im', 'boiling', 'inside']","anger  
 (e.g.,  lecturer canceled the class last minute again!)"
"['im', 'beyond', 'fed', 'taken', 'granted']","anger  
 (e.g.,  lecturer canceled the class last minute again!)"
"['done', 'excuses', 'empty', 'promises']","anger  
 (e.g.,  lecturer canceled the class last minute again!)"
"['keep', 'explaining', 'nobody', 'listens']","anger  
 (e.g.,  lecturer canceled the class last minute again!)"
"['people', 'think', 'kindness', 'weakness']","anger  
 (e.g.,  lecturer canceled the class last minute again!)"
"['losing', 'patience', 'faster', 'thought', 'would', 'today']","anger  
 (e.g.,  lecturer canceled the class last minute again!)"
"['really', 'unfair']","anger  
 (e.g.,  lecturer canceled the class last minute again!)"
['frustrating'],"anger  
 (e.g.,  lecturer canceled the class last minute again!)"
['believe'],"anger  
 (e.g.,  lecturer canceled the class last minute again!)"
['tired'],"anger  
 (e.g.,  lecturer canceled the class last minute again!)"
[],"anger  
 (e.g.,  lecturer canceled the class last minute again!)"
['betrayed'],"anger  
 (e.g.,  lecturer canceled the class last minute again!)"
"['someone', 'scratched', 'bike', 'didnt', 'even', 'leave', 'note']","anger  
 (e.g.,  lecturer canceled the class last minute again!)"
"['group', 'project', 'im', 'everything', 'alone', 'fed']","anger  
 (e.g.,  lecturer canceled the class last minute again!)"
"['trainer', 'didnt', 'show', 'session', 'time', 'wasted']","anger  
 (e.g.,  lecturer canceled the class last minute again!)"
"['group', 'chat', 'full', 'memes', 'project', 'updates']","anger  
 (e.g.,  lecturer canceled the class last minute again!)"
"['got', 'blamed', 'something', 'didnt', 'even', 'group']","anger  
 (e.g.,  lecturer canceled the class last minute again!)"
"['roommate', 'took', 'charger', 'disappeared']","anger  
 (e.g.,  lecturer canceled the class last minute again!)"
"['people', 'never', 'listen', 'properly', 'first', 'time']","anger  
 (e.g.,  lecturer canceled the class last minute again!)"
"['changed', 'assignment', 'deadline', 'submitted']","anger  
 (e.g.,  lecturer canceled the class last minute again!)"
"['told', 'didnt', 'want', 'part', 'dramaand', 'dragged', 'anyway']","anger  
 (e.g.,  lecturer canceled the class last minute again!)"
"['dont', 'disrespectful', 'like', 'u', 'always']","anger  
 (e.g.,  lecturer canceled the class last minute again!)"
"['presentation', 'tomorrow']","fear  
 (e.g., viva starts in 5 minutes. i'm shaking.)"
"['im', 'really', 'scared', 'final', 'exam', 'fail']","fear  
 (e.g., viva starts in 5 minutes. i'm shaking.)"
"['low', 'percentage', 'attendance']","fear  
 (e.g., viva starts in 5 minutes. i'm shaking.)"
"['makes', 'nervous']","fear  
 (e.g., viva starts in 5 minutes. i'm shaking.)"
"['im', 'really', 'nervous', 'exam', 'tomorrow', 'dont', 'feel', 'ready']","fear  
 (e.g., viva starts in 5 minutes. i'm shaking.)"
"['dont', 'text', 'im', 'scared']","fear  
 (e.g., viva starts in 5 minutes. i'm shaking.)"
"['exam', 'results', 'released']","fear  
 (e.g., viva starts in 5 minutes. i'm shaking.)"
"['im', 'feeling', 'really', 'anxious', 'unsure', 'whats', 'going', 'happen']","fear  
 (e.g., viva starts in 5 minutes. i'm shaking.)"
['bye'],"fear  
 (e.g., viva starts in 5 minutes. i'm shaking.)"
"['im', 'feeling', 'really', 'anxious', 'right', 'mind', 'keeps', 'racing', 'ifs', 'cant', 'seem', 'calm', 'hope', 'everything', 'turns', 'okay']","fear  
 (e.g., viva starts in 5 minutes. i'm shaking.)"
"['exams', 'near', 'dont', 'feel', 'ready']","fear  
 (e.g., viva starts in 5 minutes. i'm shaking.)"
['semester'],"fear  
 (e.g., viva starts in 5 minutes. i'm shaking.)"
"['im', 'really', 'scared', 'dont', 'know']","fear  
 (e.g., viva starts in 5 minutes. i'm shaking.)"
"['tomorrow', 'project', 'presentation']","fear  
 (e.g., viva starts in 5 minutes. i'm shaking.)"
['fear'],"fear  
 (e.g., viva starts in 5 minutes. i'm shaking.)"
['fear'],"fear  
 (e.g., viva starts in 5 minutes. i'm shaking.)"
"['im', 'worried', 'im', 'prepared', 'enough', 'everything', 'falls', 'apart']","fear  
 (e.g., viva starts in 5 minutes. i'm shaking.)"
"['heart', 'trembles', 'fear', 'whenever', 'think', 'lover']","fear  
 (e.g., viva starts in 5 minutes. i'm shaking.)"
"['want', 'present', 'front', '100', 'people']","fear  
 (e.g., viva starts in 5 minutes. i'm shaking.)"
"['tomorrow', 'deadline', 'final', 'submission']","fear  
 (e.g., viva starts in 5 minutes. i'm shaking.)"
"['lizard', 'traffic', 'police']","fear  
 (e.g., viva starts in 5 minutes. i'm shaking.)"
"['feel', 'scare']","fear  
 (e.g., viva starts in 5 minutes. i'm shaking.)"
"['alone', 'hostel']","fear  
 (e.g., viva starts in 5 minutes. i'm shaking.)"
"['feeling', 'fear']","fear  
 (e.g., viva starts in 5 minutes. i'm shaking.)"
"['heart', 'racingi', 'dont', 'know', 'going', 'happeni', 'feel', 'nervous', 'scared']","fear  
 (e.g., viva starts in 5 minutes. i'm shaking.)"
"['getting', 'notification', 'exam', 'results', 'released', 'tomorrow']","fear  
 (e.g., viva starts in 5 minutes. i'm shaking.)"
"['im', 'feeling', 'really', 'edge', 'right', 'heart', 'keeps', 'racing', 'every', 'little', 'sound', 'makes', 'jump']","fear  
 (e.g., viva starts in 5 minutes. i'm shaking.)"
"['alone', 'last', 'night', 'therefore', 'scared']","fear  
 (e.g., viva starts in 5 minutes. i'm shaking.)"
"['im', 'afraid']","fear  
 (e.g., viva starts in 5 minutes. i'm shaking.)"
['alone'],"fear  
 (e.g., viva starts in 5 minutes. i'm shaking.)"
['well'],"fear  
 (e.g., viva starts in 5 minutes. i'm shaking.)"
"['stay', 'home', 'alone']","fear  
 (e.g., viva starts in 5 minutes. i'm shaking.)"
"['see', 'results']","fear  
 (e.g., viva starts in 5 minutes. i'm shaking.)"
"['see', 'exam', 'papper']","fear  
 (e.g., viva starts in 5 minutes. i'm shaking.)"
"['sleep', 'night', 'alone']","fear  
 (e.g., viva starts in 5 minutes. i'm shaking.)"
"['seeing', 'gost']","fear  
 (e.g., viva starts in 5 minutes. i'm shaking.)"
"['got', 'lost', 'minutes', 'crowded', 'place']","fear  
 (e.g., viva starts in 5 minutes. i'm shaking.)"
"['tomorrow', 'deliver', 'unprepared', 'speech']","fear  
 (e.g., viva starts in 5 minutes. i'm shaking.)"
"['god', 'please', 'protect']","fear  
 (e.g., viva starts in 5 minutes. i'm shaking.)"
"['im', 'feeling', 'really', 'anxious', 'right', 'mind', 'wont', 'stop', 'racing', 'cant', 'help', 'worry', 'might', 'go', 'wrong', 'wish', 'could', 'calm', 'feel', 'safe']","fear  
 (e.g., viva starts in 5 minutes. i'm shaking.)"
['scared'],"fear  
 (e.g., viva starts in 5 minutes. i'm shaking.)"
"['mind', 'racing', 'cant', 'stop', 'worrying']","fear  
 (e.g., viva starts in 5 minutes. i'm shaking.)"
"['im', 'feeling', 'really', 'anxious', 'right', 'sure', 'whats', 'going', 'happen', 'next', 'hard', 'calm', 'mind', 'hoping', 'things', 'okay']","fear  
 (e.g., viva starts in 5 minutes. i'm shaking.)"
"['get', 'late', 'night', 'calls', 'relatives']","fear  
 (e.g., viva starts in 5 minutes. i'm shaking.)"
"['dont', 'know', 'going', 'talk', 'front', 'panel']","fear  
 (e.g., viva starts in 5 minutes. i'm shaking.)"
"['im', 'struggling', 'little', 'bit', 'feel', 'like', 'share', 'things', 'need', 'help', 'handle']","fear  
 (e.g., viva starts in 5 minutes. i'm shaking.)"
"['presentation', 'tomorrow', 'im', 'scared', 'ill', 'spoil']","fear  
 (e.g., viva starts in 5 minutes. i'm shaking.)"
"['im', 'feeling', 'really', 'scared', 'right', 'theres', 'much', 'uncertainty', 'cant', 'stop', 'thinking', 'might', 'go', 'wrong']","fear  
 (e.g., viva starts in 5 minutes. i'm shaking.)"
"['iam', 'shaking', 'right']","fear  
 (e.g., viva starts in 5 minutes. i'm shaking.)"
"['things', 'doesnt', 'happen', 'proper', 'time']","fear  
 (e.g., viva starts in 5 minutes. i'm shaking.)"
['explanations'],"fear  
 (e.g., viva starts in 5 minutes. i'm shaking.)"
"['world', 'war', '3']","fear  
 (e.g., viva starts in 5 minutes. i'm shaking.)"
['sad'],"fear  
 (e.g., viva starts in 5 minutes. i'm shaking.)"
"['think', 'futurethat', 'time', 'scared']","fear  
 (e.g., viva starts in 5 minutes. i'm shaking.)"
['ohwhat'],"fear  
 (e.g., viva starts in 5 minutes. i'm shaking.)"
"['dark', 'feel', 'fear']","fear  
 (e.g., viva starts in 5 minutes. i'm shaking.)"
"['tomorrow', 'exam']","fear  
 (e.g., viva starts in 5 minutes. i'm shaking.)"
"['im', 'anxious']","fear  
 (e.g., viva starts in 5 minutes. i'm shaking.)"
"['looking', 'indifference', 'people', 'showing', 'towards', 'live', 'genocide', 'makes', 'scary', 'especially', 'think', 'kind', 'world', 'child', 'facing', 'im', 'state', 'constant', 'anxiety', 'trying', 'imagine', 'shoes']","fear  
 (e.g., viva starts in 5 minutes. i'm shaking.)"
"['whats', 'get', 'repeated']","fear  
 (e.g., viva starts in 5 minutes. i'm shaking.)"
['enough'],"fear  
 (e.g., viva starts in 5 minutes. i'm shaking.)"
"['big', 'presentation', 'tomorrow', 'im', 'nervous', 'mess', 'front', 'everyone']","fear  
 (e.g., viva starts in 5 minutes. i'm shaking.)"
['aiyo'],"fear  
 (e.g., viva starts in 5 minutes. i'm shaking.)"
"['dont', 'know', 'tell', 'exactly', 'whats', 'happen', 'know', 'something', 'happening']","fear  
 (e.g., viva starts in 5 minutes. i'm shaking.)"
"['really', 'unfair']","fear  
 (e.g., viva starts in 5 minutes. i'm shaking.)"
"['sound', 'come', 'midnight']","fear  
 (e.g., viva starts in 5 minutes. i'm shaking.)"
"['tomorrow', 'viva', 'im', 'really', 'nervous', 'hope', 'dont', 'mess']","fear  
 (e.g., viva starts in 5 minutes. i'm shaking.)"
"['losing', 'loved', 'one']","fear  
 (e.g., viva starts in 5 minutes. i'm shaking.)"
"['heart', 'racing', 'feeling', 'nervous', 'uneasy', 'dont', 'ideas', 'next']","fear  
 (e.g., viva starts in 5 minutes. i'm shaking.)"
"['im', 'feeling', 'really', 'anxious', 'right', 'minds', 'racing', 'cant', 'seem', 'shake', 'uneasy', 'feeling', 'hoping', 'things', 'calm', 'soon']","fear  
 (e.g., viva starts in 5 minutes. i'm shaking.)"
"['im', 'feeling', 'really', 'uneasy', 'right', 'nowmy', 'mind', 'keeps', 'racing', 'cant', 'shake', 'nervous', 'feeling']","fear  
 (e.g., viva starts in 5 minutes. i'm shaking.)"
"['oh', 'god']","fear  
 (e.g., viva starts in 5 minutes. i'm shaking.)"
"['whaaat', 'really']","fear  
 (e.g., viva starts in 5 minutes. i'm shaking.)"
"['im', 'afraid', 'go', 'dark']","fear  
 (e.g., viva starts in 5 minutes. i'm shaking.)"
"['bro', 'seriously']","fear  
 (e.g., viva starts in 5 minutes. i'm shaking.)"
['well'],"fear  
 (e.g., viva starts in 5 minutes. i'm shaking.)"
"['going', 'face', 'viva', 'panel']","fear  
 (e.g., viva starts in 5 minutes. i'm shaking.)"
"['walking', 'alone', 'night', 'deserted', 'place']","fear  
 (e.g., viva starts in 5 minutes. i'm shaking.)"
['examination'],"fear  
 (e.g., viva starts in 5 minutes. i'm shaking.)"
"['im', 'feeling', 'really', 'anxious', 'nervous', 'heart', 'racing', 'cant', 'stop', 'worrying', 'might', 'happen']","fear  
 (e.g., viva starts in 5 minutes. i'm shaking.)"
"['see', 'ghost']","fear  
 (e.g., viva starts in 5 minutes. i'm shaking.)"
"['im', 'feeling', 'really', 'anxious', 'right', 'mind', 'wont', 'stop', 'racing', 'theres', 'tight', 'feeling', 'chest', 'wont', 'go', 'away', 'dont', 'know', 'whats', 'coming', 'next', 'uncertainty', 'overwhelming']","fear  
 (e.g., viva starts in 5 minutes. i'm shaking.)"
['scared'],"fear  
 (e.g., viva starts in 5 minutes. i'm shaking.)"
"['dont', 'want']","fear  
 (e.g., viva starts in 5 minutes. i'm shaking.)"
"['didnt', 'submit', 'assignment', 'time']","fear  
 (e.g., viva starts in 5 minutes. i'm shaking.)"
['nervous'],"fear  
 (e.g., viva starts in 5 minutes. i'm shaking.)"
"['fear', 'thinking', 'professional', 'exam']","fear  
 (e.g., viva starts in 5 minutes. i'm shaking.)"
"['hands', 'severing']","fear  
 (e.g., viva starts in 5 minutes. i'm shaking.)"
"['suddenly', 'wake', 'sleep', 'due', 'nightmare']","fear  
 (e.g., viva starts in 5 minutes. i'm shaking.)"
"['dont', 'show', 'cant', 'see']","fear  
 (e.g., viva starts in 5 minutes. i'm shaking.)"
"['fail', 'hard', 'worked', 'exam', 'definitely', 'fear', 'next', 'exam', 'even', 'also', 'hard', 'work']","fear  
 (e.g., viva starts in 5 minutes. i'm shaking.)"
"['sleep', 'night', 'lonely']","fear  
 (e.g., viva starts in 5 minutes. i'm shaking.)"
"['im', 'afraid', 'might', 'fail']","fear  
 (e.g., viva starts in 5 minutes. i'm shaking.)"
"['living', 'among', 'drugs', 'using', 'society']","fear  
 (e.g., viva starts in 5 minutes. i'm shaking.)"
"['im', 'afraid']","fear  
 (e.g., viva starts in 5 minutes. i'm shaking.)"
"['saw', 'big', 'accident', 'last', 'week', 'making', 'feel', 'bad', 'scared']","fear  
 (e.g., viva starts in 5 minutes. i'm shaking.)"
"['see', 'parents', 'getting', 'old']","fear  
 (e.g., viva starts in 5 minutes. i'm shaking.)"
"['something', 'doesnt', 'feel', 'right']","fear  
 (e.g., viva starts in 5 minutes. i'm shaking.)"
"['felt', 'fear', 'viva', 'presentation', 'worried', 'might', 'forget', 'important', 'points']","fear  
 (e.g., viva starts in 5 minutes. i'm shaking.)"
"['felt', 'fear', 'lecturer', 'suddenly', 'called', 'name', 'answer', 'question', 'zoom', 'session']","fear  
 (e.g., viva starts in 5 minutes. i'm shaking.)"
"['iam', 'scared']","fear  
 (e.g., viva starts in 5 minutes. i'm shaking.)"
"['public', 'speech', 'tomorrow']","fear  
 (e.g., viva starts in 5 minutes. i'm shaking.)"
"['results', 'released', 'tomorrow']","fear  
 (e.g., viva starts in 5 minutes. i'm shaking.)"
"['felt', 'someone', 'following', 'passed', 'cemetery']","fear  
 (e.g., viva starts in 5 minutes. i'm shaking.)"
"['place', 'full', 'people', 'feel', 'nervous']","fear  
 (e.g., viva starts in 5 minutes. i'm shaking.)"
"['exams', 'start', 'tomorrow', 'havent', 'prepared', 'enough']","fear  
 (e.g., viva starts in 5 minutes. i'm shaking.)"
"['attend', 'interview']","fear  
 (e.g., viva starts in 5 minutes. i'm shaking.)"
"['forgot', 'presentation', 'slides', 'exam', 'day']","fear  
 (e.g., viva starts in 5 minutes. i'm shaking.)"
"['lecturer', 'said', 'pop', 'quiz', 'smile']","fear  
 (e.g., viva starts in 5 minutes. i'm shaking.)"
"['dean', 'walked', 'napping', 'class']","fear  
 (e.g., viva starts in 5 minutes. i'm shaking.)"
"['accidentally', 'sent', 'wrong', 'file', 'final', 'submission']","fear  
 (e.g., viva starts in 5 minutes. i'm shaking.)"
"['iam', 'going', 'exam']","fear  
 (e.g., viva starts in 5 minutes. i'm shaking.)"
"['exam', 'results', 'tomorrow', 'cant', 'stop', 'overthinking']","fear  
 (e.g., viva starts in 5 minutes. i'm shaking.)"
"['got', 'call', 'boss', 'idea']","fear  
 (e.g., viva starts in 5 minutes. i'm shaking.)"
"['first', 'day', 'new', 'university', 'feeling', 'super', 'nervous']","fear  
 (e.g., viva starts in 5 minutes. i'm shaking.)"
"['interview', 'hour', 'hands', 'literally', 'sweating']","fear  
 (e.g., viva starts in 5 minutes. i'm shaking.)"
"['theres', 'weird', 'noise', 'downstairs', 'im', 'home', 'alone']","fear  
 (e.g., viva starts in 5 minutes. i'm shaking.)"
"['intreview', 'tomorrow']","fear  
 (e.g., viva starts in 5 minutes. i'm shaking.)"
"['finals', 'coming', 'dont', 'feel', 'ready']","fear  
 (e.g., viva starts in 5 minutes. i'm shaking.)"
"['im', 'scared', 'might', 'fail', 'course']","fear  
 (e.g., viva starts in 5 minutes. i'm shaking.)"
"['guess', 'wont', 'pass', 'exams']","fear  
 (e.g., viva starts in 5 minutes. i'm shaking.)"
"['chose', 'wrong', 'major']","fear  
 (e.g., viva starts in 5 minutes. i'm shaking.)"
"['dont', 'think', 'ill', 'finish', 'project', 'time']","fear  
 (e.g., viva starts in 5 minutes. i'm shaking.)"
"['gpa', 'slipping', 'terrifies']","fear  
 (e.g., viva starts in 5 minutes. i'm shaking.)"
"['stomach', 'knots', 'thinking', 'tomorrow']","fear  
 (e.g., viva starts in 5 minutes. i'm shaking.)"
"['everyone', 'else', 'seems', 'together', 'except']","fear  
 (e.g., viva starts in 5 minutes. i'm shaking.)"
"['im', 'afraid', 'ill', 'mess', 'presentation', 'tomorrow']","fear  
 (e.g., viva starts in 5 minutes. i'm shaking.)"
"['dont', 'get', 'internship', 'whats', 'next']","fear  
 (e.g., viva starts in 5 minutes. i'm shaking.)"
"['exam', 'results', 'released', 'check', 'link', 'send']","fear  
 (e.g., viva starts in 5 minutes. i'm shaking.)"
"['feel', 'anxious', 'even', 'opening', 'student', 'portal']","fear  
 (e.g., viva starts in 5 minutes. i'm shaking.)"
"['worry', 'stress', 'affecting', 'health']","fear  
 (e.g., viva starts in 5 minutes. i'm shaking.)"
"['feel', 'like', 'im', 'frozen', 'unable', 'move', 'speak']","fear  
 (e.g., viva starts in 5 minutes. i'm shaking.)"
"['cant', 'focusmy', 'brains', 'stuck', 'panic', 'mode']","fear  
 (e.g., viva starts in 5 minutes. i'm shaking.)"
"['feel', 'edge', 'like', 'something', 'bad', 'lurking', 'nearby']","fear  
 (e.g., viva starts in 5 minutes. i'm shaking.)"
"['breathing', 'feels', 'shallow', 'uneven', 'get', 'like']","fear  
 (e.g., viva starts in 5 minutes. i'm shaking.)"
"['overthinking', 'every', 'word', 'said', 'today']","fear  
 (e.g., viva starts in 5 minutes. i'm shaking.)"
"['waiting', 'feels', 'like', 'torture', 'minds', 'racing']","fear  
 (e.g., viva starts in 5 minutes. i'm shaking.)"
"['scared', 'go', 'alone']","fear  
 (e.g., viva starts in 5 minutes. i'm shaking.)"
"['feel', 'safe']","fear  
 (e.g., viva starts in 5 minutes. i'm shaking.)"
"['noise', 'scared']","fear  
 (e.g., viva starts in 5 minutes. i'm shaking.)"
"['stop', 'worrying']","fear  
 (e.g., viva starts in 5 minutes. i'm shaking.)"
"['today', 'first', 'day', 'work']","fear  
 (e.g., viva starts in 5 minutes. i'm shaking.)"
"['one', 'week', 'final', 'examination']","fear  
 (e.g., viva starts in 5 minutes. i'm shaking.)"
"['health', 'report', 'coming', 'today', 'really', 'scared']","fear  
 (e.g., viva starts in 5 minutes. i'm shaking.)"
"['spotted', 'something', 'moving', 'dark', 'outside']","fear  
 (e.g., viva starts in 5 minutes. i'm shaking.)"
"['flight', 'turbulence', 'getting', 'worse', 'hate']","fear  
 (e.g., viva starts in 5 minutes. i'm shaking.)"
"['accidentally', 'liked', '2019', 'photo', '2']","fear  
 (e.g., viva starts in 5 minutes. i'm shaking.)"
"['im', 'nervous', 'viva', 'tomorrowi', 'barely', 'sleep']","fear  
 (e.g., viva starts in 5 minutes. i'm shaking.)"
"['forgot', 'id', 'exam']","fear  
 (e.g., viva starts in 5 minutes. i'm shaking.)"
"['heard', 'strange', 'noises', 'house', 'alone', 'freaking']","fear  
 (e.g., viva starts in 5 minutes. i'm shaking.)"
"['dont', 'pass', 'repeat', 'semester']","fear  
 (e.g., viva starts in 5 minutes. i'm shaking.)"
"['dont', 'get', 'uni', 'applied', 'cant', 'stop', 'worrying']","fear  
 (e.g., viva starts in 5 minutes. i'm shaking.)"
"['cant', 'watch', 'horror', 'movies']","fear  
 (e.g., viva starts in 5 minutes. i'm shaking.)"
"['submitted', 'assignment']","neutral  
 (e.g., had lunch and attended lectures.)"
"['classes', '8', '4', 'today', 'ill', 'study']","neutral  
 (e.g., had lunch and attended lectures.)"
"['today', 'normal', 'day', 'nothing', 'special']","neutral  
 (e.g., had lunch and attended lectures.)"
"['okay', 'thats', 'fine']","neutral  
 (e.g., had lunch and attended lectures.)"
"['tomorrow', 'online', 'lectures', 'full', 'day']","neutral  
 (e.g., had lunch and attended lectures.)"
"['got', 'point', 'ill', 'catch', 'later']","neutral  
 (e.g., had lunch and attended lectures.)"
"['someone', 'ask', 'help']","neutral  
 (e.g., had lunch and attended lectures.)"
"['im', 'feeling', 'best', 'today', 'taking', 'things', 'slow']","neutral  
 (e.g., had lunch and attended lectures.)"
['hi'],"neutral  
 (e.g., had lunch and attended lectures.)"
"['going', 'regular', 'day', 'nothing', 'exciting', 'nothing', 'stressful', 'everythings', 'pretty', 'normal', 'right']","neutral  
 (e.g., had lunch and attended lectures.)"
"['next', 'class', 'monday', '8', 'l11']","neutral  
 (e.g., had lunch and attended lectures.)"
['fail'],"neutral  
 (e.g., had lunch and attended lectures.)"
"['nothing', 'much', 'going', 'today', 'normal', 'day']","neutral  
 (e.g., had lunch and attended lectures.)"
"['raining', 'today', 'ok']","neutral  
 (e.g., had lunch and attended lectures.)"
"['handsome', 'boy']","neutral  
 (e.g., had lunch and attended lectures.)"
['neuter'],"neutral  
 (e.g., had lunch and attended lectures.)"
"['everythings', 'fine', 'nothing', 'new', 'usual', 'routine']","neutral  
 (e.g., had lunch and attended lectures.)"
"['heart', 'feels', 'calm', 'whenever', 'think', 'lover']","neutral  
 (e.g., had lunch and attended lectures.)"
"['found', 'lizard', 'dinner', 'hostel', 'canteen']","neutral  
 (e.g., had lunch and attended lectures.)"
"['brush', 'teeth']","neutral  
 (e.g., had lunch and attended lectures.)"
"['always', 'neutral']","neutral  
 (e.g., had lunch and attended lectures.)"
['fine'],"neutral  
 (e.g., had lunch and attended lectures.)"
['okay'],"neutral  
 (e.g., had lunch and attended lectures.)"
"['feeling', 'neutral']","neutral  
 (e.g., had lunch and attended lectures.)"
"['im', 'going', 'day', 'usualnothing', 'special', 'happenedand', 'everything', 'feels', 'pretty', 'normal']","neutral  
 (e.g., had lunch and attended lectures.)"
"['getting', 'text', 'reminder', 'appointment', 'next', 'week']","neutral  
 (e.g., had lunch and attended lectures.)"
"['going', 'day', 'usual']","neutral  
 (e.g., had lunch and attended lectures.)"
"['passed', 'course', 'without', 'getting', 'good', 'result']","neutral  
 (e.g., had lunch and attended lectures.)"
['hi'],"neutral  
 (e.g., had lunch and attended lectures.)"
"['follow', 'routine']","neutral  
 (e.g., had lunch and attended lectures.)"
['okay'],"neutral  
 (e.g., had lunch and attended lectures.)"
"['study', 'hard']","neutral  
 (e.g., had lunch and attended lectures.)"
"['im', 'sitting', 'like', 'neutral']","neutral  
 (e.g., had lunch and attended lectures.)"
"['feel', 'goood', 'without', 'exam']","neutral  
 (e.g., had lunch and attended lectures.)"
['cook'],"neutral  
 (e.g., had lunch and attended lectures.)"
"['studying', 'time']","neutral  
 (e.g., had lunch and attended lectures.)"
"['spent', 'day', 'usual', 'routine']","neutral  
 (e.g., had lunch and attended lectures.)"
"['today', 'calm', 'quiet', 'day']","neutral  
 (e.g., had lunch and attended lectures.)"
['good'],"neutral  
 (e.g., had lunch and attended lectures.)"
"['nothing', 'much', 'going', 'today', 'going', 'usual', 'routine', 'taking', 'things', 'come']","neutral  
 (e.g., had lunch and attended lectures.)"
['ok'],"neutral  
 (e.g., had lunch and attended lectures.)"
"['nothing', 'exciting', 'upsetting', 'ordinary', 'day']","neutral  
 (e.g., had lunch and attended lectures.)"
"['ordinary', 'daynothing', 'special', 'nothing', 'bad', 'taking', 'things', 'come', 'staying', 'steady']","neutral  
 (e.g., had lunch and attended lectures.)"
"['studying', 'everyday']","neutral  
 (e.g., had lunch and attended lectures.)"
"['ive', 'completed', 'part', 'task']","neutral  
 (e.g., had lunch and attended lectures.)"
"['everything', 'fine']","neutral  
 (e.g., had lunch and attended lectures.)"
"['tomorrow', 'lectures', '2', 'hours']","neutral  
 (e.g., had lunch and attended lectures.)"
"['going', 'day', 'usual', 'nothing', 'exciting', 'stressfuleverythings', 'pretty', 'routine']","neutral  
 (e.g., had lunch and attended lectures.)"
"['feeling', 'better']","neutral  
 (e.g., had lunch and attended lectures.)"
"['things', 'happening', 'smooth']","neutral  
 (e.g., had lunch and attended lectures.)"
['well'],"neutral  
 (e.g., had lunch and attended lectures.)"
"['someone', 'misunderstanding']","neutral  
 (e.g., had lunch and attended lectures.)"
"['j', 'usually', 'dont', 'express', 'feelings', 'always', 'laughing', 'even', 'terrible', 'situation', 'mostly', 'neutral']","neutral  
 (e.g., had lunch and attended lectures.)"
"['went', 'temple', 'pray', 'family']","neutral  
 (e.g., had lunch and attended lectures.)"
['ok'],"neutral  
 (e.g., had lunch and attended lectures.)"
['nothing'],"neutral  
 (e.g., had lunch and attended lectures.)"
['sleepy'],"neutral  
 (e.g., had lunch and attended lectures.)"
"['cool', 'buddy']","neutral  
 (e.g., had lunch and attended lectures.)"
"['see', 'im', 'glad', 'able', 'come', 'hope', 'youre', 'better']","neutral  
 (e.g., had lunch and attended lectures.)"
"['nothing', 'new', 'everything', 'happening', 'daily', 'routine']","neutral  
 (e.g., had lunch and attended lectures.)"
"['always', 'neutral']","neutral  
 (e.g., had lunch and attended lectures.)"
"['regular', 'daynothing', 'exciting', 'nothing', 'bad', 'going', 'flow']","neutral  
 (e.g., had lunch and attended lectures.)"
"['mm', 'okay']","neutral  
 (e.g., had lunch and attended lectures.)"
"['im', 'okey']","neutral  
 (e.g., had lunch and attended lectures.)"
"['lets', 'see', 'goes']","neutral  
 (e.g., had lunch and attended lectures.)"
"['every', 'morning', 'sunrises']","neutral  
 (e.g., had lunch and attended lectures.)"
"['another', 'normal', 'day', 'unilectures', 'lunch', 'heading', 'back', 'hostel', 'nothing', 'special', 'today']","neutral  
 (e.g., had lunch and attended lectures.)"
"['homely', 'cooked', 'meal']","neutral  
 (e.g., had lunch and attended lectures.)"
['blank'],"neutral  
 (e.g., had lunch and attended lectures.)"
"['nothing', 'much', 'going', 'todayjust', 'regular', 'day', 'im', 'feeling', 'okay', 'going', 'flow']","neutral  
 (e.g., had lunch and attended lectures.)"
"['nothing', 'much', 'going', 'onjust', 'regular', 'day', 'im', 'feeling', 'pretty', 'neutral', 'good', 'bad']","neutral  
 (e.g., had lunch and attended lectures.)"
['nice'],"neutral  
 (e.g., had lunch and attended lectures.)"
['hi'],"neutral  
 (e.g., had lunch and attended lectures.)"
"['im', 'okay']","neutral  
 (e.g., had lunch and attended lectures.)"
"['hmm', 'ahh', 'ok']","neutral  
 (e.g., had lunch and attended lectures.)"
['fine'],"neutral  
 (e.g., had lunch and attended lectures.)"
"['going', 'sleep']","neutral  
 (e.g., had lunch and attended lectures.)"
"['miss', 'university', 'bus']","neutral  
 (e.g., had lunch and attended lectures.)"
['classroom'],"neutral  
 (e.g., had lunch and attended lectures.)"
"['im', 'feeling', 'okay', 'today', 'nothing', 'special', 'happenedjust', 'normal', 'regular', 'day']","neutral  
 (e.g., had lunch and attended lectures.)"
"['nothing', 'much', 'importance']","neutral  
 (e.g., had lunch and attended lectures.)"
"['nothing', 'exciting', 'going', 'today', 'going', 'motions', 'getting', 'things', 'done', 'keeping', 'things', 'steady', 'one', 'average', 'daysnot', 'bad', 'great', 'okay']","neutral  
 (e.g., had lunch and attended lectures.)"
['normal'],"neutral  
 (e.g., had lunch and attended lectures.)"
"['im', 'ok']","neutral  
 (e.g., had lunch and attended lectures.)"
"['going', 'trip', 'friends']","neutral  
 (e.g., had lunch and attended lectures.)"
['ok'],"neutral  
 (e.g., had lunch and attended lectures.)"
['ok'],"neutral  
 (e.g., had lunch and attended lectures.)"
['fine'],"neutral  
 (e.g., had lunch and attended lectures.)"
"['get', 'lunch', 'proper', 'time']","neutral  
 (e.g., had lunch and attended lectures.)"
"['im', 'ok']","neutral  
 (e.g., had lunch and attended lectures.)"
"['90', 'mostly', 'life', 'going', 'line', 'ever', 'happened', 'accept', 'neutrally', 'otherwise', 'option']","neutral  
 (e.g., had lunch and attended lectures.)"
"['lectures', 'time']","neutral  
 (e.g., had lunch and attended lectures.)"
['hello'],"neutral  
 (e.g., had lunch and attended lectures.)"
"['finished', 'work', 'perfectly']","neutral  
 (e.g., had lunch and attended lectures.)"
"['nothing', 'special', 'going']","neutral  
 (e.g., had lunch and attended lectures.)"
"['im', 'unjustly', 'accused']","neutral  
 (e.g., had lunch and attended lectures.)"
"['finished', 'works', 'day', 'relaxing', 'bit']","neutral  
 (e.g., had lunch and attended lectures.)"
"['felt', 'neutral', 'waiting', 'next', 'class', 'start', 'scrolling', 'notes']","neutral  
 (e.g., had lunch and attended lectures.)"
"['felt', 'neutral', 'copying', 'notes', 'lecture', 'without', 'really', 'thinking', 'content']","neutral  
 (e.g., had lunch and attended lectures.)"
"['iam', 'okay']","neutral  
 (e.g., had lunch and attended lectures.)"
"['lecture', 'today']","neutral  
 (e.g., had lunch and attended lectures.)"
"['fear', 'losing', 'others']","neutral  
 (e.g., had lunch and attended lectures.)"
"['got', 'new', 'messages', 'group', 'chat']","neutral  
 (e.g., had lunch and attended lectures.)"
"['today', 'lecture', 'cancelled', 'held', 'tomorrow']","neutral  
 (e.g., had lunch and attended lectures.)"
"['attended', 'lectures', 'came', 'back', 'hostel']","neutral  
 (e.g., had lunch and attended lectures.)"
"['lecture', 'canceled']","neutral  
 (e.g., had lunch and attended lectures.)"
"['went', 'class', 'played', 'cricket', 'afterward']","neutral  
 (e.g., had lunch and attended lectures.)"
"['charged', 'phone', 'watched', 'memes', 'survived', 'day']","neutral  
 (e.g., had lunch and attended lectures.)"
"['attended', 'lab', 'ate', 'bun', 'came', 'back']","neutral  
 (e.g., had lunch and attended lectures.)"
"['went', 'class', 'scrolled', 'instagram', 'came', 'home']","neutral  
 (e.g., had lunch and attended lectures.)"
"['may', 'tomorrow']","neutral  
 (e.g., had lunch and attended lectures.)"
"['finished', 'assignments', 'watching', 'tv']","neutral  
 (e.g., had lunch and attended lectures.)"
"['went', 'class', 'took', 'notes', 'came', 'back', 'home']","neutral  
 (e.g., had lunch and attended lectures.)"
"['cleaned', 'room', 'laundry', 'nothing', 'much']","neutral  
 (e.g., had lunch and attended lectures.)"
"['attended', 'lectures', 'today', 'pretty', 'regular', 'day']","neutral  
 (e.g., had lunch and attended lectures.)"
"['quiet', 'day', 'got', 'work', 'done', 'thats']","neutral  
 (e.g., had lunch and attended lectures.)"
['dinner'],"neutral  
 (e.g., had lunch and attended lectures.)"
"['attended', 'lectures', 'came', 'back', 'nothing', 'special']","neutral  
 (e.g., had lunch and attended lectures.)"
"['routine', 'eat', 'class', 'study', 'sleep']","neutral  
 (e.g., had lunch and attended lectures.)"
"['took', 'nap']","neutral  
 (e.g., had lunch and attended lectures.)"
"['regular', 'day', 'im', 'surviving', 'thriving']","neutral  
 (e.g., had lunch and attended lectures.)"
"['bad', 'great', 'average', 'like', 'always']","neutral  
 (e.g., had lunch and attended lectures.)"
"['drama', 'today', 'thankfully', 'vibes']","neutral  
 (e.g., had lunch and attended lectures.)"
"['finished', 'chores', 'scrolling', 'without', 'purpose']","neutral  
 (e.g., had lunch and attended lectures.)"
"['library', 'lunch', 'lecturerepeat', 'thats']","neutral  
 (e.g., had lunch and attended lectures.)"
"['campus', 'quiet']","neutral  
 (e.g., had lunch and attended lectures.)"
"['im', 'existing', 'really', 'feeling', 'much', 'today']","neutral  
 (e.g., had lunch and attended lectures.)"
"['deep', 'clean', 'room', 'yesterday']","neutral  
 (e.g., had lunch and attended lectures.)"
"['going', 'flow', 'kind', 'day']","neutral  
 (e.g., had lunch and attended lectures.)"
"['mood', 'neutral', 'brain', 'idle', 'motivation', 'meh']","neutral  
 (e.g., had lunch and attended lectures.)"
"['feel', 'like', 'im', 'autopilot', 'lately']","neutral  
 (e.g., had lunch and attended lectures.)"
"['sometimes', 'okay', 'middle']","neutral  
 (e.g., had lunch and attended lectures.)"
"['floating', 'day', 'big', 'feelings', 'either', 'way']","neutral  
 (e.g., had lunch and attended lectures.)"
"['usual', 'routine', 'nothing', 'new', 'exciting']","neutral  
 (e.g., had lunch and attended lectures.)"
"['watching', 'time', 'pass', 'without', 'much', 'report']","neutral  
 (e.g., had lunch and attended lectures.)"
"['another', 'day', 'another', 'dollaror', 'another', 'day']","neutral  
 (e.g., had lunch and attended lectures.)"
['fine'],"neutral  
 (e.g., had lunch and attended lectures.)"
['later'],"neutral  
 (e.g., had lunch and attended lectures.)"
['matter'],"neutral  
 (e.g., had lunch and attended lectures.)"
['opinion'],"neutral  
 (e.g., had lunch and attended lectures.)"
"['know', 'happening', 'life']","neutral  
 (e.g., had lunch and attended lectures.)"
['care'],"neutral  
 (e.g., had lunch and attended lectures.)"
"['ate', 'dinner', 'scrolled', 'insta', 'heading', 'bed']","neutral  
 (e.g., had lunch and attended lectures.)"
"['spent', 'day', 'indoors', 'weathers', 'okay']","neutral  
 (e.g., had lunch and attended lectures.)"
"['woke', 'late', 'went', 'gym', 'nothing', 'special']","neutral  
 (e.g., had lunch and attended lectures.)"
"['sat', 'canteen', 'hours', 'nothing']","neutral  
 (e.g., had lunch and attended lectures.)"
"['nothing', 'much', 'today', 'went', 'class', 'came', 'back']","neutral  
 (e.g., had lunch and attended lectures.)"
"['walked', 'class', 'yawned', 'came', 'back']","neutral  
 (e.g., had lunch and attended lectures.)"
"['watched', 'movie', 'thinking', 'next']","neutral  
 (e.g., had lunch and attended lectures.)"
"['brains', 'autopilot', 'waiting', 'weekend']","neutral  
 (e.g., had lunch and attended lectures.)"
"['class', 'came', 'back', 'scrolled', 'hours', 'routine', 'different', 'day']","neutral  
 (e.g., had lunch and attended lectures.)"
"['im', 'good']","neutral  
 (e.g., had lunch and attended lectures.)"
