text,true_label,predicted_label
mind racing stop badgering,Fear,Fear
got doomed minute crowded place,Fear,Sadness
professor said could publish undertaking research paper,Joy,Joy
honestly really frustrated right feel like thing completely control enough tired patient nothing seems change,Anger,Anger
lecturer accept excuse,Sadness,Anger
mother compare skill another,Anger,Anger
class photo day rescheduled make,Sadness,Sadness
rewatched yesterday class average content,Neutral,Neutral
weird noise downstairs home alone,Fear,Fear
getting blamed wrong,Anger,Anger
next class monday 8 l11,Neutral,Neutral
beyond fed taken allow,Anger,Anger
stomach knot thinking tomorrow,Fear,Fear
think finish undertaking time,Fear,Fear
get internship next,Fear,Fear
today nt really feel today feel empty,Sadness,Sadness
Ate dinner scrolled insta heading bed,Neutral,Neutral
woke reading responded undertaking email nothing major,Neutral,Neutral
done life everything seems messed about stressed,Sadness,Sadness
feeling spot todayjust one day everything feel little heavier usual,Sadness,Sadness
another day another dollaror another day,Neutral,Neutral
plan set bailed last minute cool,Anger,Anger
feeling really edge right heart keep racing every little sound make jump,Fear,Fear
m done covering people even try,Anger,Anger
got first internship offer today,Joy,Joy
Saturday canteen hour nothing,Neutral,Neutral
nothing excite going today going motion getting thing done keeping thing steady one average daysnot bad great just okay,Neutral,Neutral
finally passed exam stressed,Joy,Joy
stay home alone,Fear,Fear
90 mostly life going line ever happened accept neutrally otherwise option,Neutral,Neutral
returning home hostel,Joy,Joy
really frustrated right thing go way honestly exhausting dealing issue,Anger,Anger
kept quiet keep peace boiling inside,Anger,Sadness
every sad situation bring big strength,Sadness,Sadness
lost phone memory,Sadness,Anger
forgot bring id,Fear,Fear
exam hall silent forgot everything analyze,Fear,Fear
today great time best friend,Joy,Joy
group mate ghost submission day,Anger,Anger
canteen ran kottu got,Sadness,Sadness
scored winning goal today felt amazing,Joy,Joy
focusmy brain lodge panic mode,Fear,Neutral
final result come next week sleep properly,Fear,Fear
feeling bit today sometimes thing go hoped hard shake heaviness hope brighter moment soon,Sadness,Sadness
lost telephone memory,Sadness,Sadness
woke revised bit attended class went back bed,Neutral,Neutral
studied really hard exam get mark expected feeling,Sadness,Sadness
routine eat class survey sleep,Neutral,Neutral
deep clean_and_jerk room yesterday,Neutral,Neutral
promised help show frustrated disappointed,Anger,Anger
get late night call relative,Fear,Anger
bike full_moon tank petrol,Joy,Joy
free coffee student sofa,Joy,Joy
changed assignment deadline submitted,Anger,Anger
feeling really uneasy right nowmy mind keep racing shake nervous feeling,Fear,Fear
laugh hard today forgot worry,Joy,Fear
meter feeling really anxious nervous heart racing ca nt stop worrying might happen,Fear,Fear
event information message,Neutral,Joy
practiced hard presentation mind went blank stage,Sadness,Fear
trainer show session time waste,Anger,Anger
best friend understand wrongly,Sadness,Sadness
finally got positive feedback supervisor week critique,Joy,Joy
got choose university badminton team,Joy,Joy
perfective day favorite people,Joy,Joy
deep clean room yesterday,Neutral,Neutral
going face viva panel,Fear,Fear
lab assistant shut lab early without warning u lost unsaved work,Anger,Anger
finally get grade hoping forso relieved,Joy,Joy
exam got postponed extra survey time thank universe,Joy,Joy
really frustrated right unfair thing go way feel like one listening need change,Anger,Anger
semester testing patience every degree,Anger,Joy
feeling really edge right heart keep racing every little sound brand jump,Fear,Fear
quiet day got work done,Neutral,Neutral
think messed final question mark,Fear,Fear
concern stress affecting health,Fear,Fear
meter feel good,Sadness,Joy
recieving message hanker distance friend,Joy,Joy
regular day surviving boom,Neutral,Neutral
regular day surviving thriving,Neutral,Neutral
finally finished tough taskso proud,Joy,Joy
choose wrong major,Fear,Fear
angry internet went important online lecture really needed attend,Anger,Anger
changed exam schedule stopping_point minuteagain,Anger,Anger
know manage job hunting undertaking work exam,Fear,Fear
happy mood today,Joy,Joy
stopping_point friend avoid without reason,Sadness,Anger
meter looking great today,Joy,Joy
feeling low today,Sadness,Sadness
get free lunch senior today,Joy,Joy
university feel alone sometimes,Sadness,Sadness
nt recieve good mark exam,Sadness,Sadness
nt get expected consequence,Sadness,Sadness
focusmy brain stuck panic mode,Fear,Neutral
okay s fine,Neutral,Neutral
group member lend,Sadness,Anger
nothing exciting upsetting ordinary day,Neutral,Neutral
feel alone without,Sadness,Sadness
clean room laundry nothing much,Neutral,Neutral
truly nervous exam tomorrow feel ready,Fear,Fear
matter hard attempt never feel enough,Sadness,Sadness
want present front hundred people,Fear,Fear
scored better expected tough exam,Joy,Sadness
worked difficult still got blamed fair,Anger,Anger
dean walked napping class,Fear,Neutral
miss closest person life,Sadness,Sadness
National_Trust show ca National_Trust see,Fear,Anger
someone saying living sad,Sadness,Sadness
mad right evening explain frustrated feel go ll,Anger,Anger
feel like everything bit heavy today,Sadness,Sadness
usual routine nothing new exciting,Neutral,Neutral
pain go expressed mere word feel like m fall abyss something heavy tug heart,Sadness,Sadness
favorite lecturer leaving university,Sadness,Joy
feeling homesick miss family,Sadness,Sadness
get selected campus interview really wanted,Sadness,Sadness
meter sitting like neutral,Neutral,Neutral
god please curse,Anger,Anger
something National_Trust feel right,Fear,Anger
another normal day unilectures lunch heading back hostel nothing special today,Neutral,Neutral
go home weekend,Sadness,Joy
finally get clearance form signedgraduation feel real,Joy,Joy
bro finally nailed punishment shotfelt like pro,Joy,Joy
practiced hard presentation mind went space stage,Sadness,Fear
ordinary daynothing special nothing bad taking thing come staying steady,Neutral,Neutral
group undertaking everything,Anger,Anger
hard work dismissed format issue,Anger,Anger
system crashed project demoso unfair,Anger,Anger
studied really difficult exam get mark expected feeling,Sadness,Sadness
someone say love fictional_character,Joy,Anger
finally submit assignment earlyfeeling accomplished,Joy,Joy
knew crush affair another girl,Sadness,Sadness
well feeling sad,Sadness,Sadness
today lecture cancelled held tomorrow,Neutral,Neutral
lecturer nt permit write exam less eighty attendance even s 79,Anger,Anger
got free lunch senior today,Joy,Joy
got blamed something group project even,Anger,Anger
feeling best today taking thing slow,Neutral,Sadness
exhausted pretense okay time,Sadness,Fear
missed class totally lost topic,Sadness,Sadness
people respected time thing mess,Anger,Fear
keep try nothing seems work,Sadness,Anger
lecturer gave vague project instruction incrimination u delay,Anger,Anger
another day sitting library laptop coffee,Neutral,Neutral
got point ll catch later,Neutral,Anger
top rank class semester grinding paid,Joy,Joy
received surprise birthday gift loved one,Joy,Joy
nothing much departure today normal day,Neutral,Neutral
weekend trip boy confirmed time chill,Joy,Joy
telephone strucked important work,Anger,Anger
arrange go aweigh,Joy,Joy
surprise lunch best friend month apart laughed nonstop_flight made best memory heart full,Joy,Joy
submitted assignment time portal crashed got marked late,Anger,Anger
honestly really frustrated right,Anger,Anger
got best consequence exam,Joy,Sadness
close friend avoid without reason,Sadness,Anger
alone last night therefore scared,Fear,Fear
lost mark using time new roman seriously,Anger,Anger
lecturer ended class 30 minute early blessing,Joy,Joy
class 8 4 today study,Neutral,Joy
iam going exam,Fear,Fear
studied night question still came one subject skipped,Sadness,Sadness
best survey session ever felt productive,Joy,Joy
feeling low today,Sadness,Sadness
gpa slipping terrifies,Fear,Sadness
feel incredibly happy today alhamdhulilllahh,Joy,Joy
awkward moment lector call name,Fear,Sadness
project presentation scheduled tomorrow morning,Fear,Fear
first day new university feeling superintendent nervous,Fear,Joy
get point ll catch later,Neutral,Fear
m angry right nothing going right s really frustrating,Anger,Anger
m unjustly accused,Neutral,Fear
believe unfair scaling,Anger,Anger
fail hard worked exam definitely fear following exam even also hard work,Fear,Fear
professor assign everything,Anger,Joy
changed exam schedule stopping_point minuteagain,Anger,Anger
meeting project supervisor,Fear,Neutral
drama today thankfully vibe,Neutral,Neutral
bad great average like always,Neutral,Neutral
pas semester examination,Joy,Fear
god please protect,Fear,Fear
laptop crash saved assignment,Anger,Anger
went class play cricket afterward,Neutral,Neutral
friend include name group submission,Sadness,Anger
nt want anyone,Anger,Anger
heart burn anger whenever think lover,Anger,Fear
bought new car,Joy,Joy
friend talk chitchat angry,Anger,Anger
soo much fun much necessitate,Joy,Neutral
see m glad able come hope re better,Neutral,Fear
get uni applied stop worrying,Fear,Fear
actually understand everything today s lecture,Joy,Joy
line twenty minutesstill food,Anger,Anger
heart burn anger whenever think lover,Anger,Fear
got call bos idea,Fear,Anger
studied night question still came one topic skipped,Sadness,Sadness
message say lecture weekend well,Sadness,Joy
girl university bus,Neutral,Sadness
iam really angry,Anger,Anger
low percentage attendance,Fear,Sadness
sometimes feel like everyone one check,Sadness,Sadness
forgot bring Idaho card final exam panicked hard,Fear,Fear
truly well presentation happy,Joy,Joy
get lunch proper time,Neutral,Fear
got appreciated lecturer presentation worth anxiety,Joy,Fear
happy today passed subject examination,Joy,Joy
really frighten know,Fear,Fear
found lost notebook,Joy,Sadness
nothing new everything happening daily routine,Neutral,Neutral
keep quiet keep peace boiling inside,Anger,Sadness
someone took credit part group project reappraisal,Anger,Anger
lecture cancelled today feel free,Joy,Joy
get mark idea write properly,Anger,Anger
heart feel heavy,Sadness,Sadness
feeling really anxious right mind keep racing ifs seem calm hope everything turn okay,Fear,Fear
gpa slipping terrify,Fear,Sadness
National_Trust well assignment,Sadness,Sadness
finally complete tough taskso proud,Joy,Joy
feel happy play nephew,Joy,Joy
something nt feel right,Fear,Fear
sinking feeling plan fall apart last minute,Sadness,Sadness
worked group undertaking alone still group member complained frustrating,Anger,Anger
attended project meeting helped junior assignment,Neutral,Neutral
really scared know,Fear,Fear
peer getting offer still trying figure want,Fear,Fear
heard strange noise house alone freak_out,Fear,Fear
floating day big feeling either way,Neutral,Sadness
free coffee student lounge,Joy,Joy
message ex-husband best friend,Neutral,Sadness
favorite lector handling next semester tooyesss,Joy,Joy
