Timestamp," 1. Joy
 (e.g., Lecturer ended class 30 minutes-early blessing!.)","2.Sadness  
 (e.g., Missed the scholarship by just 1 mark.)","3. Anger  
 (e.g.,  Lecturer canceled the class last minute again!)","4. Fear  
 (e.g., Viva starts in 5 minutes. I'm shaking.)","5. Neutral  
 (e.g., Had lunch and attended lectures.)",  “I understand and agree that my responses will be used anonymously for research purposes.”   ,Column 7,Column 6,Column 6
7/5/2025 23:39:58,I finally passed the exam I was so stressed about,I didn't do well on the assignment,"I did all the work, and my groupmates did nothing!",I have my presentation tomorrow,I just submitted my assignment,,,,
7/5/2025 23:40:01,Alhamdulillah! I finally got an A for my project. I'm so happy,I’ve been crying alone in my room… nothing seems to be going right.,I worked so hard and still didn’t get selected! This is so unfair!,I’m really scared about the final exam. What if I fail again?,I have classes from 8 to 4 today and then I’ll study for a while.,,,,
7/5/2025 23:41:10,Tomarrow's lecture cancel,I am just tired of everything lately,Why is this so unfair,I have low percentage of attendance ,"Today was a normal day , nothing special",,,,
7/6/2025 0:15:13,I am so excited,Feeling low today,That was really unfair,This makes me nervous,"Okay, that's fine",,,,
7/9/2025 20:29:22,I’m so happy today! I passed all my subjects in the exam! 😊🎉,I didn’t do well on my test... feeling really low right now.,I’m so annoyed! We worked hard on the group project and still got a low grade,I’m really nervous about the exam tomorrow... I don’t feel ready... ,Tomorrow have online lectures.. Full day ,,,,
7/9/2025 20:45:19,heyyyyyyyyyyyy,"ok, noted",hm,i don't text when I'm scared.,"got the point, I'll catch you later.",,,,
7/9/2025 20:49:46,I pass the exam,Someone not understand me,Someone not picking up the call when i want to talk,When exam results released ,When someone ask me to help them,,,,
7/9/2025 20:51:05,"I have just finished a book, I feel so good.","Today I don't really feel myself today, I feel empty.","She lied to me, I'm mad at her.",I’m feeling really anxious and unsure about what’s going to happen.,I’m not feeling at my best today. Just taking things slow.,,,,
7/9/2025 20:56:34,How are you,What are doing ,Bye,Bye,Hi,,,,
7/9/2025 21:00:09,Just had a surprise lunch with my best friends after months apart — laughed nonstop and made the best memories. My heart is so full! ,Feeling really low today… some days just weigh heavier than others. Trying to hold on and breathe through it. ,"I’m feeling really down today. Nothing seems to lift my mood, and everything feels a bit too heavy to carry. Just one of those tough days.","I’m feeling really anxious right now. My mind keeps racing with “what ifs,” and I can’t seem to calm down. I just hope everything turns out okay.","Just going through a regular day. Nothing too exciting, nothing too stressful — everything’s pretty normal right now.",,,,
7/9/2025 21:05:33,I did really well in my presentation. I’m so happy,"I passed, but my marks were lower than I hoped.","I worked hard, but still got blamed. It’s not fair!","Exams are near, and I don’t feel ready.",Next class is on Monday at 8 AM in L11.,,,,
7/9/2025 21:06:31,Happy ,Miss you,Repeat,Semester ,Fail ,,,,
7/9/2025 21:29:24,"I'm so happy today,everything feels just right!",Feeling really low today…,"I'm really frustrated right now,this isn’t okay!","I’m really scared… I don’t know what to do.
","Nothing much going on today, just a normal day.",,,,
7/9/2025 21:42:24,I'm happy to see you,I feel alone without you,Its getting late. Please hurry up,Tomorrow i have project presentation ,It is raining today and its ok,,,,
7/9/2025 21:45:34,Pass the semester exam,Breakup ,When bike is break ,No fear,Your are the Handsome boy,,,,
7/9/2025 21:46:48,happy,sad,anger,fear,neuter,,,,
7/9/2025 21:47:30,"Everything feels light and positive today. I’m genuinely enjoying every moment!

","feeling really down today. Nothing seems to be going right, and I just feel emotionally drained.","I’m angry and disappointed. I had high hopes, but everything just fell apart.

","I’m worried I’m not prepared enough. What if everything falls apart?

","Everything’s fine. Nothing new, just the usual routine.",,,,
7/9/2025 22:00:01,Thinking about my lover fills my heart with joy.,My heart feels heavy whenever I think about my lover.,My heart burns with anger whenever I think about my lover!,My heart trembles with fear whenever I think about my lover.,My heart feels calm whenever I think about my lover.,,,,
7/9/2025 22:19:28,I have pass the exam,I have repeated in the exam,Today we had lectures for 6 hours continuously ,I want to present in front of 100 people,Found a lizard in our dinner at hostel canteen,,,,
7/9/2025 23:02:29,There is a dj tonight at the university ,My current GPA is less than 3.,On poya day there is a lecture at university.,Tomorrow is the deadline for the final submission.,I brush my teeth.,,,,
7/10/2025 1:32:50,When my bike has a full tank of petrol ,Rules ,"Whenever I hear, read or see the injustice that happens to men ","Lizard, traffic police ",Always neutral ,,,,
7/10/2025 2:12:37,I'm happy,I do not have a mind to everything,I will kill you,I feel scare,I am fine,,,,
7/10/2025 2:25:28,When we have a vacation ,Next will be an exam ,They said you wrong when you did good thing.,You are alone in hostel,You are okay ,,,,
7/10/2025 5:50:48,I am feeling joy,I am feeling sad,I am feeling anger,I am feeling fear,I am feeling neutral,,,,
7/10/2025 11:13:32,"I'm so happy! Everything feels perfect,and I can't stop smiling.life is beautiful ",I just feel really low.It's like there's a cloud over me and I can't shake it off ,I'm so angry! I can't believe this happened. I trusted my friends but they let me down ,"My heart is racing,I don't know what is going to happen.I feel nervous and scared ","I'm just going through the day as usual.Nothing special happened,and  everything feels pretty normal ",,,,
7/10/2025 12:04:37,The next book of my favourite book series gets published. ,When my favourite book character dies.,Talking to someone immature for their age.,Getting a notification about exam results being released tomorrow.,Getting a text reminder about an appointment next week.,,,,
7/10/2025 12:49:45,I’m feeling absolutely wonderful today! ,I’m feeling really down right now,I’m honestly really frustrated right now,I’m feeling really on edge right now. My heart keeps racing and every little sound makes me jump,Just going through the day as usual,,,,
7/10/2025 16:24:00, I have got selected for a course of study,My purse was missed by me.,Someone scolds me without making mistakes.,I was alone at last night therefore I scared,I have passed a course without getting a very good result.,,,,
7/10/2025 19:16:07,All praise be to to almighty. ,It's okay.. I'm used to it,Don't call.. I'm not going to talk with you. ,I'm afraid... ,Hi,,,,
7/10/2025 19:26:38,With my friends ,Scolding from parents,Hearing gossips,Alone,Follow the routine ,,,,
7/10/2025 19:32:44,Be happy always ✌️,Every sad situation brings You a big strength 🙂,Think before you do,All is well ,It's okay ,,,,
7/10/2025 19:40:46,When I visit foreign ,Iam not selected the interview ,My friends are cheating me,I stay at home alone,I study hard ,,,,
7/10/2025 19:49:08,I'm talking with my favourite person ,I'm not pass the exam,Someone ignored me ,When I see my results ,Now I'm sitting like neutral,,,,
7/10/2025 19:54:39,Every thing is very well ,I lost my money pawvch ,My brother broke my phone,I see the exam papper,I am feel  goood  without my exam,,,,
7/10/2025 21:22:02,I am watching cricket ,Tomorrow is exam day ,Why are you treating others badly,I have to sleep at night alone,I have to cook,,,,
7/10/2025 22:26:24,With my family,Be alone,When wasting time,When seeing gost,When studying time,,,,
7/10/2025 22:30:48,I received a surprise birthday gift from my loved ones,My best friend moved to another city,Someone blamed me for something I didn't do,I got lost for a few minutes in a crowded place,I spent the day doing my usual routine ,,,,
7/10/2025 22:49:15,Today i had a great time with my best friend,"I studied very hard ,eventhough i got low result.",Its so hard to believe that my friend talk bad about me to others ,Tomorrow i have to deliver  my unprepared speech ,Today is a calm and quiet day  for me.,,,,
7/10/2025 22:52:08,All praise be to god,Why can't I do this,God please curse him,God please protect me,All will be good,,,,
7/10/2025 23:00:51,"I'm feeling so incredibly happy right now! Everything just feels right, and I can't stop smiling. Today is truly a good day!","I’m feeling really down today. It’s like a heavy cloud is hanging over me, and I just can’t seem to shake it off. I hope tomorrow feels a little lighter","I’m really frustrated right now. Things didn’t go the way they should have, and it’s honestly exhausting dealing with the same issues over and over again","I’m feeling really anxious right now. My mind won’t stop racing, and I can’t help but worry about what might go wrong. I just wish I could calm down and feel safe.",Nothing much going on today. Just going through the usual routine and taking things as they come.,,,,
7/10/2025 23:08:31,I am in happy mood today,I have a problem ,I don't want anyone,I am very scared,I am OK ,,,,
7/10/2025 23:23:29, I’m feeling so happy right now,My heart feels heavy,I’m so angry right now,"My mind is racing, and I can’t stop worrying."," Nothing too exciting or upsetting, just an ordinary day
",,,,
7/11/2025 6:20:20, I'm feeling so happy today! Everything just feels bright and full of possibilities. Grateful for the little things that bring big smiles! 😊,"Feeling a bit down today... Sometimes things just don’t go as hoped, and it’s hard to shake the heaviness. Hoping for brighter moments soon. 😞"," I’m really frustrated right now! It’s so unfair when things don’t go the way they should, and it feels like no one’s listening. This needs to change! 😠"," I’m feeling really anxious right now... Not sure what’s going to happen next, and it’s hard to calm my mind. Hoping things will be okay. 😨","😐 Just an ordinary day—nothing special, nothing bad. Taking things as they come and staying steady.",,,,
7/11/2025 12:16:34,When someone says they love my character ,The message which says that we have lectures on weekends as well ,When someone speaks rudely ,When i get late night calls from my relatives ,Studying everyday ,,,,
7/11/2025 13:07:16,I am going on a trip next week,I failed a subject in the last exam,I'm done covering for people who don’t even try,I don't know how I am going to talk in front of the panel,I’ve completed my part of the task,,,,
7/11/2025 13:26:35,I feel incredibly happy today. Alhamdhulilllahh...,It's not my day. Feel so down today.. insha allah hope to get on my track.. ,I'm feeling very much frustrated for what you did..,I'm struggling a little bit. I feel like to share the things with you and need help to handle it... ,Everything is fine.. ,,,,
7/11/2025 13:30:15,Just booked my dream trip! So excited,"""It's really hard to understand lectures in English… I feel lost and frustrated. ",I have lectures this weekend again… feeling so tired and drained.,"I have a presentation tomorrow, and i'm scared i'll spoil",Tomorrow we have lectures for 2 hours,,,,
7/11/2025 13:34:51,Today feels amazing! I’m just overflowing with happiness and gratitude,I’m feeling really down today. It’s one of those moments where everything just feels heavy,"I’m really frustrated right now. I’ve been patient, but this situation keeps repeating, and it’s exhausting.","I’m feeling really scared right now. There’s so much uncertainty, and I can’t stop thinking about what might go wrong",Just going through the day as usual. Nothing too exciting or stressful—everything’s pretty routine. ,,,,
7/11/2025 13:49:50,"
I'm so happy right now! I can't stop smiling",I feel like I'm crying,I'm tired of this ,Iam shaking right now,Just feeling better ,,,,
7/11/2025 14:04:16,When seeing life partner ,If someone saying they are living sad ,Give import to phone while talking ,Things doesn’t happen in proper time ,When things happening smooth ,,,,
7/11/2025 14:05:36,I’m so excited,I can’t stop crying,I’m done,No more explanations,All is well,,,,
7/11/2025 14:17:36,My friend found a good partner , genocides on Gaza people ,Someone kicking my cats ,About World War 3 ,When someone misunderstanding me,,,,
7/11/2025 15:06:39,Hehe 😍,So sad 😞 ,Omg,So sad ,"J usually don't express my feelings 
 Always laughing,  even in a terrible situation.  And, mostly it's neutral.",,,,
7/11/2025 15:20:17,"I met my boyfriend after one year, and I felt very happy...",My boyfriend will return from abroad within 1 week... I feel very sad...,My friends talk gossip about me.... I will be angry with them...,I think about my future...that time I was scared...,I went to temple and pray for my family,,,,
7/11/2025 15:48:44,Waw... ,Hmm...,Mind your own business ,Oh..what?,It is ok,,,,
7/11/2025 17:46:12,University life is over i am so happy,I feel lost everything in my life,Do not come to near me i am so angry on you if you come surely i will hit you so please maintain the distance,I am in dark i feel so fear,Nothing,,,,
7/11/2025 18:49:46,I am selected for a foreign university ,I tried my best but I got fail ,I work hard for the assignment but the team members scold me ,Tomorrow I have my exam,I am sleepy ,,,,
7/11/2025 18:53:01,Yaaaayyyyy I’m super excited ,"Huh, I’m alright ",What the freak ,I’m anxious ,Cool buddy ,,,,
7/11/2025 19:22:34,I'm so happy to let you know that I've passed all the subjects and I'm eligible to writer the next semester exams. I don't even remember how I managed to answer all those questions. 😅,"The pain I go through cannot be expressed in mere words, I feel like I'm falling into an abyss while something heavy tugs at my heart. ","I regret trusting your words, I should have known better. And the audacity to play the victim is mind boggling, at least have the courage to accept your wrongdoing without giving lame excuses. ","Looking at all the indifference the people are showing towards this live genocide makes me so scary, especially when I think about what kind of world my child will be facing. I'm in a state of constant anxiety just trying to imagine myself in their shoes. 😥","I see, I'm glad you were able to come out of it. Hope you're doing better now! 🙂",,,,
7/11/2025 20:36:12,"Had soo much fun, much needed. ",May be it was because of the way I handled it. ,I wouldn't even care if she said something else again. ,What's if I get repeated again ?,"Nothing new, everything is happening as of the daily routine ",,,,
7/11/2025 20:39:01,Enjoy,I'm not feel good,Be away for while,It's not enough ,Always be neutral ,,,,
7/11/2025 20:41:48,"""I just got my results and I passed with flying colors! I'm so happy and relieved right now!""","""I tried my best, but things didn’t go the way I hoped. Feeling really down today.""","""They promised to help but didn’t show up at all. I’m so frustrated and disappointed!""","""I have a big presentation tomorrow, and I’m so nervous. What if I mess up in front of everyone?""","""Just a regular day—nothing exciting, nothing bad. Just going with the flow.""",,,,
7/11/2025 20:45:02,Hurray,😕,What the the,Aiyo ,Mm okay,,,,
7/11/2025 20:54:41,"Hey dude, you did your best",You have changed a lot,I'll talk you later,I don't know to tell exactly what's happen. But I know something is happening,I'm okey,,,,
7/11/2025 20:58:34,That made may day,I miss those moments,I am not sure how to face this,That was really unfair,Let's see how it goes,,,,
7/11/2025 20:58:38,When we having a good which is our favorite ,When we miss a closest person in life,When someone treat us badly,When a sound come in the midnight,Every morning sunrises,,,,
7/11/2025 21:07:13,I finally finished my assignment before the deadline! Feeling so happy and relieved,I studied really hard for this exam but didn’t get the marks I expected… feeling so down,I worked on our group project alone and still some group members complained! So frustrating,Tomorrow is my viva and I’m really nervous… I hope I don’t mess up ,"Just another normal day at uni—lectures, lunch, and heading back to the hostel. Nothing special today",,,,
7/11/2025 21:10:37,When I arrange to go on atrip,Loss of a family member,Getting blamed when I’m not wrong,Losing a loved one,Having a homely cooked meal ,,,,
7/11/2025 21:46:46,I'm feeling really happy today! Everything just feels good.,I am done with life. Everything seems messed up around me. I am stressed ,"I’m so mad right now, I can’t even explain how frustrated I feel. Go to the he'll.. ",My heart is racing and  I am feeling nervous and uneasy. I don't have any ideas what to do next.,I am just blank. ,,,,
7/11/2025 22:04:18,Just feeling really happy right now—had to say it. Hope you're having a good day too!,"Just feeling a bit down today. Not really sure why. just one of those days, I guess.","I’m honestly really frustrated right now. Things just aren’t going the way they should, and it’s starting to get to me.","I’m feeling really anxious right now. My mind’s racing and I can’t seem to shake this uneasy feeling. Just hoping things calm down soon.
","Nothing much going on today—just a regular day. I'm feeling okay, not too up or down. Just going with the flow.",,,,
7/11/2025 22:08:25,Feeling really happy today—just one of those good days where everything feels right.,Feeling a bit down today—just one of those days where everything feels a little heavier than usual.,"I’m really frustrated right now—things aren’t going the way they should, and it’s hard to stay calm.",I’m feeling really uneasy right now—my mind keeps racing and I can’t shake this nervous feeling.,"Nothing much going on—just a regular day. I’m feeling pretty neutral, not good or bad, just in between.",,,,
7/11/2025 22:59:32,alhamdulillah ,hasbunallah,ohhh shitttt,oh my god...,it's so nice ,,,,
7/11/2025 23:35:43,Hey what's up?😉,Well.. feeling sad,Ohh okay,Whaaat? Really🙄,Hi how are you?,,,,
7/12/2025 0:21:54,"I'm very Lucky to have you in my life.
","You made me cry infront of everyone.
","You are cheated on me.
","I'm afraid to go through dark 
",I'm okay with that. ,,,,
7/12/2025 0:22:24,chilll brooo,need theraphy,go to hell,bro seriously ?,hmm ahh ok,,,,
7/12/2025 0:53:27,I am fine,I am not well ,I am not well ,I am not well ,I am fine,,,,
7/12/2025 5:13:05,I have selected for 4th year special (Honors) degree.,I have not enough money to help someone ,Don't make me as a option ,How I am going to face the viva panel?,I am going to sleep now ,,,,
7/12/2025 5:26:18,When my friends suddenly come to my house,When I didn't get the results I expected in the semester exam,My mother compared his skills to those of another.,When walking alone at night in a deserted place,When miss the University bus,,,,
7/12/2025 6:15:47,University trip,"Arriyer,referd",Junior not obeying us,Examination ,In classroom ,,,,
7/12/2025 6:59:15,"I'm feeling so happy right now! Everything is going well, and I just can't stop smiling. 😊

","I just feel really down today. It's like there's a heavy weight in my heart, and I don’t have the energy to do anything. 😞

","I'm so angry right now. Nothing is going right, and it's really frustrating.

","

""I'm feeling really anxious and nervous. My heart is racing, and I can't stop worrying about what might happen.""

","I'm feeling okay today. Nothing special happened—just a normal, regular day. 😐

",,,,
7/12/2025 7:26:34,When I get a credit from my favourite person,Whenever I get bad comments ,When someone do bad things for me,When I see ghost,Nothing much importance ,,,,
7/12/2025 8:18:33,"I’m feeling absolutely amazing today! Everything just feels right, and I’m so grateful for the little moments that bring so much happiness. Smiling nonstop and sending good vibes your way!","Lately, I’ve been feeling really low. It’s one of those days where everything feels a bit heavier than usual. I’m trying to stay strong, but it’s tough. Just needed to let it out.","I’m honestly really frustrated right now. It feels like things are completely out of control, and I’ve had enough. I’m tired of being patient when nothing seems to change.","I’m feeling really anxious right now. My mind won’t stop racing, and there’s this tight feeling in my chest that won’t go away. I don’t know what’s coming next, and that uncertainty is overwhelming.","Nothing too exciting going on today. Just going through the motions, getting things done, and keeping things steady. It’s one of those average days—not bad, not great, just… okay.",,,,
7/12/2025 8:18:49,I am happy,I am worry,I am angry,I scared,I am normal,,,,
7/12/2025 8:55:55,I'm going home ,I'm tired of you,I don't want talk about this ,I don't want what to do ,I'm ok,,,,
7/12/2025 9:01:36,I achieved the goal which I prayed for,My best friend understands me wrongly ,"Without participating the group project, one of our group member telling that you could have done like this ",When I didn't submit my assignment in a time ,Going trip with my friends ,,,,
7/12/2025 10:00:58,I am very happy ,I feel sorry,I am angry with you,I am nervous ,It is ok,,,,
7/12/2025 10:10:32,I am very happy to sharing this information with you,I am very sad that hearing about it,I am very angry about to see his attitude ,I am very fear thinking about professional exam,I am ok,,,,
7/12/2025 10:15:50,Tomorrow l will go to the trip,I am so unlucky today,You don't need to involve in this,My hands are severing now,I am fine ,,,,
7/12/2025 11:00:08,Going on a trip,Working for 7 days in a week,Someone scolds me without any reason,Suddenly wake up from sleep due to nightmare,Get lunch at proper time,,,,
7/12/2025 11:07:50,I'm so happy 😊 ,Why me ? I can't believe this,I will kill you,"Don't show this to me, i can't see that",I'm ok,,,,
7/12/2025 11:57:40,Returning home from hostel ,Returning hostel from home,When even loved one also does not understand us,"When fail in a hard worked exam, definitely i have fear about next exam even if i do it also with hard work 🥹","90% mostly life is going line that, what ever happened we have to accept neutrally, otherwise no option 🙅🏻‍♀️",,,,
7/12/2025 14:07:26,😊,😕,Nothing,😶,🙄,,,,
7/12/2025 14:40:36,I was successed in my career ,My close friend avoid me without any reason ,My phone strucked when I was in important work,When I sleep at night lonely ,At my lectures time,,,,
7/12/2025 14:58:00,I feel excited for today,Im worried about my results,Why did this happen to me,Im afraid i might fail,Hello,,,,
7/12/2025 15:50:39,I got best results in exam ,The time which I spent with my friends in the past ,If anyone hurts me without any mistakes in me,Living among this drugs using society,If I finished my work perfectly ,,,,
7/12/2025 16:34:41,🤩,😪,😠,I'm very afraid ,😊,,,,
7/12/2025 16:57:15,when i met my friends yesterday unexpectedly.,"When I think about my mother, father.","we are doing a lot of work,but our demonstrator didn’t praise and support us.","I saw a big accident at the last week, It was making me feel bad and scared.",Nothing special going on ,,,,
7/12/2025 18:26:50,When talking to God and parents ,I don't get peaceful sleep,Unnecessarily disturbing during sleep ,When I see parents getting old,When I'm unjustly accused ,,,,
7/12/2025 23:36:53,Everything just seems to be going right,Iam good  i feels  like a heavy cloud is hanging over me.,( i won't say anything ),Something just doesn't feel right to me,Just finished all my works for the day and now relaxing a bit,,,,
7/13/2025 13:02:00,I was happy when I understood a tough concept in statistics practical after struggling with it for days.,I felt sad when I couldn't attend an important campus event because I had to travel home unexpectedly.,I was angry when the internet went down during an important online lecture I really needed to attend.,"I felt fear before the viva presentation, worried that I might forget important points.","I felt neutral while waiting for the next class to start, just scrolling through my notes.",,,,
7/13/2025 17:28:03,I felt joy when I saw my name on the Dean’s List after the semester results were released.,I felt sad when I didn’t get the mark I expected on my Internet Programming assignment after working so hard.,I got angry when my laptop suddenly crashed right before submitting an assignment on LMS.,I felt fear when the lecturer suddenly called my name to answer a question during a Zoom session.,"I felt neutral while copying notes during a lecture without really thinking about the content.
",,,,
7/13/2025 18:42:22,IAM so happy ,I feel sad ,IAM really angry ,IAM scared ,Iam okay ,,,,
7/14/2025 17:52:08,I have passed in all examinations ,I have failed in a important exam,My friend didn't obey my words,I have to do the public speech tomorrow.,We have lecture today,,,,
7/14/2025 23:30:08,I am going home,Tomorrow I have to go to university ,My group member doesn't care what I say,Results are released tomorrow ,Fear of losing others ,,,,
7/14/2025 23:53:48,I am excited ,Oops I failed this exam.,Why did you cut into the line?,I felt someone was following me when I passed cemetery.,I got new messages from a group chat.,,,,
7/15/2025 0:19:11,I feel happy when I play with my nephew,"My laptop is broken few days ago, and I felt lost","She doesn't know what happened, she just blames me.","This place is full people, I feel so nervous.",Today lecture is cancelled but it will be held on tomorrow ,,,,
7/15/2025 0:20:59,Got selected for the university badminton team.,"Couldn't attend the family function due to semester exam.
",My assignment got deleted right before submission.,Exams start tomorrow and I haven’t prepared enough.,Attended lectures and came back to the hostel.,,,,
7/15/2025 10:12:28,Got good result in semester exam,Failed a subject ,Someone blames me without knowing the truth,To attend an interview ,If a lecture is canceled ,,,,
7/16/2025 0:50:16,"Won the inter-faculty football match.
",Best friend dropped out this semester.,Roommate used my laptop without asking.,"Forgot the presentation slides on exam day.
","Went to class and played cricket afterward.
",,,,
7/16/2025 0:55:45,"She replied ""haha"" instead of ignoring me! 😄
","Canteen ran out of kottu before I got there. 😢
","Group project = I did everything, again. 😠","Lecturer said, “Pop quiz!” with a smile. 😰","Charged phone, watched memes, survived the day. 😐",,,,
7/16/2025 1:00:34,Got free lunch from senior today,Bike broke down on the way to uni.,Group mates ghosted me on submission day.,Dean walked in while I was napping in class.,"Attended lab, ate bun, came back.
",,,,
7/16/2025 1:05:50,Got my first internship offer today,My favorite lecturer is leaving the university.,Wi-Fi died during online Assignment.,Accidentally sent the wrong file for final submission.,"Went to class, scrolled Instagram, came home.",,,,
7/16/2025 13:09:49,Good day ,Iam alone ,Iam so frustrated ,What iam going to do exam,May be tomorrow ,,,,
7/18/2025 22:26:11,Top rank in class this semester! All that grinding paid off!,Lost the match in the last over... still can’t believe it. ,Waited 2 hours in the queue and they said system is down! ,Exam results are out tomorrow… can’t stop overthinking.,Just finished my assignments and now watching TV.,,,,
7/18/2025 22:32:38,Scored the winning goal today! Felt amazing!,Failed my driving test again… feeling low.,Lost the game because of a lag! So frustrating! ,Got a call from the boss. No idea what it’s about. ,"Went to class, took notes, and came back home. ",,,,
7/18/2025 22:37:46,Just got my dream job! Let’s goooo!,She left without saying goodbye,Roommate used my headphones again without asking!,First day at a new university… feeling super nervous. ,Cleaned my room and did some laundry. Nothing much. ,,,,
7/18/2025 22:40:10,Finally bought my first bike! Can’t stop smiling!,Didn’t get selected for the final team. All that practice... gone. ,All plans were set and he bailed out last minute! Not cool. ,Interview in an hour and my hands are literally sweating. ,Attended all lectures today. Pretty regular day. ,,,,
7/19/2025 21:43:50,Had the most perfect day with my favorite people.,Lost my phone with all my memories in it.,Waited over an hour and they didn’t even bother to show up or inform!,There’s a weird noise downstairs and I’m home alone.,It’s been a quiet day. Got some work done and that’s about it.,,,,
7/19/2025 21:45:47,I scored a goal in today's match.,Missing my dad.,We have lectures on Sunday.,I have an intreview tomorrow.,Had dinner.,,,,
7/19/2025 21:46:46,I finally submitted that assignment early—feeling so accomplished!,I studied so hard and still didn’t do well.,Group mates didn’t do anything—again. I’m so done.,"Finals are coming, and I don’t feel ready at all.",Just attended lectures and came back. Nothing special.,,,,
7/19/2025 21:48:36,Guess who aced the midterm? Me!! ,Feeling homesick again... I miss my family.,Why do professors assign everything at once?!,I’m scared I might fail this course.,"Same routine: eat, class, study, sleep.",,,,
7/19/2025 21:50:32,I'm looking great today,My dog died on an accident ,He cheated on me again,I guess I won't pass the exams,I took a nap,,,,
7/19/2025 21:50:42,Group project actually went well... miracles happen,Sometimes I feel like I’m falling behind everyone else.,My laptop crashed before I saved the assignment,What if I chose the wrong major?,"It’s a regular day. I’m just surviving, not thriving.",,,,
7/19/2025 21:52:32,Got my internship offer today—I’m so hyped!,It’s overwhelming. I don’t know how to keep up.,I was marked absent even though I was there!,I don’t think I’ll finish this project on time.,"Not bad, not great. Just average, like always.",,,,
7/19/2025 21:54:19,Coffee + friends + no lectures = perfect day ,Skipped class today... just couldn’t handle it.,People talking during class drives me mad.,"My GPA is slipping, and it terrifies me","No drama today, thankfully. Just vibes.",,,,
7/19/2025 21:54:33,Just got tickets to my dream concert,I miss the old days more than I thought I would.,"If people just respected time, things wouldn’t be such a mess",My stomach is in knots just thinking about tomorrow,Finished my chores. Now just scrolling without purpose.,,,,
7/19/2025 21:58:31,All lectures cancelled today. I feel free!,Why does university feel so lonely sometimes?,Why does uni Wi-Fi always die during submissions?!,Everyone else seems to have it together except me,"Library, lunch, lecture—repeat. That’s it.",,,,
7/19/2025 22:00:01,Got great feedback from my professor—made my day!,Cried in the bathroom after my presentation.,The exam paper was NOTHING like what they taught.,I’m afraid I’ll mess up my presentation tomorrow.,"Campus is quiet, and so am I.",,,,
7/19/2025 22:01:28,"Had the best study session ever, felt so productive.",I keep trying but nothing seems to work.,Can’t believe the admin lost my documents again.,What if I don’t get an internship? What’s next?,"I’m existing, not really feeling much today.",,,,
7/19/2025 22:01:50,I got the admission to my dream university ,I missed the bus today so i walked to the office,She is not replying to text messages ,"Exam results are released, check the link i send you",I did deep clean my room yesterday ,,,,
7/19/2025 22:03:42,"My presentation rocked, and I’m still buzzing!",Failed that quiz I thought I did okay in.,I hate when people take credit for my work.,I feel anxious even opening my student portal.,Just going with the flow. It’s that kind of day.,,,,
7/19/2025 22:05:24,Just vibing in the library with good music and no stress.,I’m exhausted from pretending I’m okay all the time.,This semester is testing my patience on every level.,I worry that all this stress is affecting my health.,Mood: neutral. Brain: idle. Motivation: meh.,,,,
7/19/2025 22:09:08,"Laughed so hard today, I forgot all my worries.","Smiling outside, but inside I’m just tired.","""I kept quiet to keep the peace… but now I’m boiling inside.","""I feel like I’m frozen, unable to move or speak.",I feel like I’m on autopilot lately.,,,,
7/19/2025 22:12:05,Today was a perfect mix of laughter and sunshine.,    I tried my best but it still wasn’t enough.,I’m beyond fed up with being taken for granted.,Can’t focus—my brain’s stuck in panic mode.,Sometimes it’s okay to just be in the middle.,,,,
7/19/2025 22:14:08,"Made someone smile today, and it made my day too.",It hurts when people you trust don’t trust you back.,So done with excuses and empty promises.,    I feel on edge like something bad is lurking nearby.,Just floating through the day with no big feelings either way.,,,,
7/19/2025 22:15:39,Finally finished a tough task—so proud of myself!,"
    That sinking feeling when plans fall apart last minute.","    I keep explaining myself, but nobody listens.",Breathing feels shallow and uneven when I get like this,"The usual routine, nothing new or exciting.",,,,
7/19/2025 22:16:55,Nothing beats that warm cozy feeling after a good meal.,Feels like everything is just a bit too heavy today.,Why do people think my kindness is weakness?,Overthinking every word I said today.,Watching time pass without much to report.,,,,
7/19/2025 22:18:06,Got a surprise compliment that totally made me blush.,    I miss how things used to be before everything changed.,Losing patience faster than I thought I would today.,Waiting feels like torture when your mind’s racing.,"Another day, another dollar—or just another day.",,,,
7/19/2025 22:19:48,That made me smile.,I feel lonely sometimes.,That was really unfair.,I am scared to go alone.,I am fine.,,,,
7/19/2025 22:21:40,Today was a great day.,It's hard to let go.,So frustrating.,I do not feel safe here.,I will do it later.,,,,
7/19/2025 22:23:51,I am proud of what I did.,That news made me cry.,I can not believe they did that.,That noise scared me.,It does not matter to me.,,,,
7/19/2025 22:25:52,I am excited for the weekend.,I did not expect this to happen.,I am tired of this.,I can not stop worrying.,I have no opinion.,,,,
7/19/2025 23:00:30,Successfully completed my diploma.,I am worthless.,Why did you do that?,Today is my first day at work.,I do not know what is happening in my life.,,,,
7/19/2025 23:26:36,Bought a new car.,Lost my wallet.,He betrayed me.,We have only one week for final examination.,I do not care,,,,
7/19/2025 23:45:14,Weekend trip with the boys confirmed! Time to chill!,Scored less than I expected… disappointed in myself,Someone scratched my bike and didn’t even leave a note.,Health report coming today… really scared. ,"Ate dinner, scrolled through Insta, now heading to bed.",,,,
7/19/2025 23:46:47,Guess who aced the coding test? This guy right here!,Couldn’t attend my best friend’s birthday. Feeling really bad.,Group project and I’m doing everything alone! Fed up!,Spotted something moving in the dark outside.,Spent most of the day indoors. Weather's been okay.,,,,
7/19/2025 23:48:50,Guess who aced the coding test? This guy right here! ,Lost all my project data because my laptop crashed. ,Trainer didn’t show up for the session. Time wasted.,Flight turbulence is getting worse. I hate this. ,"Woke up late, went to gym, nothing special.",,,,
7/19/2025 23:49:32,Mom sent homemade biriyani to the hostel!,My favorite hoodie shrank in the wash.,"Group chat full of memes, but no project updates","Accidentally liked her 2019 photo at 2 a.m.
","Sat in the canteen for hours doing nothing.
",,,,
7/19/2025 23:50:14,I finally got the grade I was hoping for—so relieved,Didn’t get selected for the team… feeling really down.,Got blamed for something I didn’t even do in the group.,I’m so nervous for the viva tomorrow—I can barely sleep.,Nothing much today. Just went to class and came back.,,,,
7/19/2025 23:50:42,Lecturer ended class 30 minutes early blessing!,Rain ruined our boys' cricket match plan.,Roommate took my charger and disappeared.,"Forgot my ID during the exam again.
","Walked to class, yawned, came back.
",,,,
7/19/2025 23:51:29,That referee was totally biased! We deserved to win! ,Had an argument with dad… hate this feeling.,Why do people never listen properly the first time?! ,Heard strange noises in the house… alone and freaking out.,"Watched a movie, now thinking of what to do next.",,,,
7/19/2025 23:52:09,Met some amazing people at the club fair today!,"No matter how hard I try, it never feels enough.",They changed the assignment deadline after I submitted!,What if I don’t pass and have to repeat this semester?,Brain’s on autopilot. Just waiting for the weekend.,,,,
7/19/2025 23:54:04,"Bro, I finally nailed that penalty shot—felt like a pro out there!","Sometimes I feel like I’m there for everyone, but no one checks on me.",I told them I didn’t want to be part of that drama—and they dragged me in anyway.,What if I don’t get into the uni I applied for? I can’t stop worrying,"Had class, came back, scrolled for hours… same routine, different day.",,,,
7/20/2025 0:09:29,All praise be to almighty,Didn't get the expected results,Don't be disrespectful like u always do..,I can't watch horror movies,I'm good,,,,
7/20/2025 5:54:03,Happy ,Bad luck ,Nice ,Curious ,Sleepy ,,,,
7/20/2025 21:27:41,Lecturer canceled the quiz,Missed the assignment deadline by a minute,Why do they always give last-minute assignments?!,Haven’t studied at all for tomorrow’s exam,Class was okay,,,,
7/20/2025 21:28:43,I actually understood everything in today's lecture!,Lecturer didn’t accept my excuse,Group project and I ended up doing everything,What if I fail this course?,Just another regular day on campus.,,,,
7/20/2025 21:29:54,Got my project approved on the first try,Got a low grade even after studying hard.,Someone took my seat and pretended not to see me.,Still haven’t heard back about my internship.,"Lunch was fine, nothing special.",,,,
7/20/2025 21:30:50,Free coffee in the student lounge,My group members didn’t contribute,Internet went down during submission,Presentation tomorrow and my slides aren’t ready.,Sat through the whole lecture but barely absorbed anything.,,,,
7/20/2025 21:31:39,Found my lost notebook,Lost my favorite pen during the exam.,People talking loudly while I’m trying to focus.,Forgot to bring my ID,"Got to campus, did my work, heading home.",,,,
7/20/2025 21:32:32,Friends surprised me with snacks after class,"Was looking forward to class, but it got canceled.",Lab got canceled after we waited 45 minutes.,Did I submit the wrong file?!,The weather’s just... there.,,,,
7/20/2025 21:35:23,Scored better than expected on that tough exam!,Can’t go home this weekend,Lecturer marked me absent even though I was there.,Heart's racing every time I get an email notification.,"Didn’t get picked, but that’s alright.",,,,
7/20/2025 21:36:18,Caught the campus bus just in time,Friend ignored my message all day.,Been in line for 20 minutes—still no food!,The exam hall was silent—I could hear my anxiety.,Nothing major happened today.,,,,
7/20/2025 21:37:59,Weekend plans are finally happening—can't wait!,Too tired but still so much to do.,Roommate used my stuff without asking.,Can’t remember anything I revised,"Same routine, different day.",,,,
7/20/2025 21:38:01,Recieving a message from a long distance friend,Didnt recieve reply from an interview that I applied to,Submission deadline messages when I'm on the way home for some rest ,Project evaluations tomorrow,Event information messages,,,,
7/20/2025 21:38:37,Woke up early and still felt fresh,Just not feeling it today,Can’t believe how unfair that grading was.,"That awkward moment when the lecturer calls your name.

",Finished everything on the checklist,,,,
7/20/2025 21:41:40,Lots of people like my status or replies to it,Didn't recieve good marks in exams,Lecturer doesn't permit to write exams for those who have less than 80% attendance. Not even when it's 79%,Meeting with project supervisor,Had dinner,,,,
7/20/2025 21:54:43,Suddenly I see my crush walking ,Knew my crush have an affair with another girl,Someone left lights and fans on when they leaving,When I remember I have to do lot of works but I have no idea or experience ,sleep and eat well,,,,
7/21/2025 8:12:19,When i got lot of messages for my birthday ,When my favourite person didn' t message me all day along,"When I  have lot of things to do, but the department send messages that saying arrange several sessions physically ",When you get a message from unknown number,Normal messages getting from club groups I am joining with,,,,
7/21/2025 8:14:23,Friend who went home says she come today and bring lunch from home,No response from amma,Set project deadline for impossible days,Our project presentation is scheduled to tomorrow morning ,Messages from Ex best friend,,,,
7/21/2025 8:20:19,So Happy ,Oh my god I'm crying ,What the hell,Gastritis ,Kind of okay,,,,
8/2/2025 20:41:14,"The exam got postponed extra study time, thank you universe!",Studied all night but that question still came from the one topic I skipped.,Group mates didn’t show up for the meeting but will still get the same grade!,Exam hall is silent… and I forgot everything I studied!,"Took notes during class. Nothing special, just the usual routine.",yes,,,
8/2/2025 20:44:00,Finally understood that one topic after hours felt like solving a mystery!,Group project fell apart no one did their part except me.,"Submitted the assignment on time, but the portal crashed got marked late!",Lecturer asked me to explain the diagram I didn’t even see it!, Finished the assignment and submitted it. One task off the list.,yes,,,
8/2/2025 20:45:56,Group project submitted 1 day early miracles do happen!,Submitted the assignment 2 minutes late system didn’t accept it.,"Got scolded for using my phone, even though I was checking the syllabus!",Results come out today. I keep refreshing the page with trembling hands.,"Attended the lab session did what was required, nothing more.",yes,,,
8/2/2025 20:46:52,"Supervisor appreciated my research idea. Felt so validated!""",Didn’t get selected for the campus interview I really wanted.,"They changed the exam schedule at the last minute—again!""",Deadline in 3 hours and my laptop just crashed.,"Reviewed notes, submitted assignments, and helped a friend prep for an interview.""",yes,,,
8/2/2025 20:48:25,Got appreciated by the lecturer for my presentation worth all the anxiety!,"Practiced so hard for the presentation, but my mind went blank on stage.","The same question we all asked was ignored, and now it’s in the test!",Got randomly called to present I wasn't even half ready!),"Watched a recorded lecture. It was okay, nothing exciting.",yes,,,
8/2/2025 20:50:31,Internet didn’t go off during my online viva small wins matter!), Lecturer returned our test papers mine had more red ink than black.,Waited 2 hours for the viva panel said “come tomorrow.”,Thought I submitted the assignment… turns out I didn’t click ‘Submit.’, Checked my timetable and joined the Zoom class on time.,yes,,,
8/2/2025 20:52:01,"""Finally submitted my final project after weeks of sleepless nights!""","""My final-year project group is falling apart due to conflicts.""","Lecturer gave vague project instructions and now blames us for delays!""",Final-year viva is tomorrow and I keep forgetting everything I prepared.,"Woke up, revised a bit, attended classes, went back to bed.""",yes,,,
8/2/2025 20:53:15,Found a past paper that matches our syllabus blessing from seniors!,Got sick during exam week missed an important paper.,Lost marks for not using “Times New Roman” seriously?,Saw the word “surprise quiz” on the board my heart dropped!,"Just another regular day at campus lectures, breaks, and more lectures.",yes,,,
8/2/2025 20:55:11,Got shortlisted for the internship I dreamed of!,"Watched my classmates celebrate while I silently struggled.""","Wrote the entire report, and a teammate deleted it without backup!""","What if I don’t get a job after graduation?""","Another day of research and project meetings. Nothing new.""",yes,,,
8/2/2025 20:55:21,Managed to complete the entire syllabus before the exam unreal but true!,Lost access to my notes the night before the exam.,Lecturer uploaded notes at midnight and expected us to read before 8 a.m.,I think I messed up the final question… and it had the most marks!,"Library was quiet. Got some reading done, nothing remarkable.",yes,,,
8/2/2025 20:57:21,My favorite lecturer is handling the next semester too—yesss!,Got rejected for the internship I was hoping for.,Got blamed for something in a group project that I didn’t even do!,Heard there might be a revaluation I don’t want my grade to drop.,"Sat through the lecture. Not boring, not interesting either.",yes,,,
8/2/2025 20:57:40,"""Supervisor appreciated my research idea. Felt so validated!""","It’s our last semester, and I already miss this place.""","They changed the exam schedule at the last minute—again!""","Getting cold feet about presenting my research to a panel of experts.""","Had tea with my roommate and talked about life after graduation.""",yes,,,
8/2/2025 20:59:00,Class got over early AND the canteen had my favorite snack double joy!,I tried to speak in class today but stumbled and felt so embarrassed.,"Lab equipment didn’t work, and I got marked for “incomplete.”",Forgot to bring my ID card before the final exam panicked so hard!,Revised the same topic again. I guess it's part of the process.,yes,,,
8/2/2025 21:00:12,"""Got placed in my dream company today. What a moment!""","Had to let go of a part-time job offer because of academic workload.""","""The system crashed during my project demo—so unfair!""","""Final result comes out next week. I can’t sleep properly.""","""It was just one of those days where nothing went wrong or right.""",yes,,,
8/2/2025 21:00:46,Managed to answer all MCQs before time ended—felt like a win!,"Worked so hard on the assignment, but got average marks.",Lecturer changed the assignment topic after we finished it.,"The lecturer said, “Let’s have a quick test”—my brain froze!",Downloaded lecture notes. Read a few pages. Closed it.,yes,,,
8/2/2025 21:01:42,"Finally got my clearance form signed—graduation feels real now!""","""Couldn’t attend the farewell because I had to work on my project.""","""Worked day and night, but only one group member got credit!""","""Job interviews are lined up and I feel underprepared.""","""Woke up, did some reading, responded to project emails, nothing major.""",yes,,,
8/2/2025 21:03:48,Got my project approved in the first attempt—what a relief!,Friend didn’t include my name in the group submission.,Got interrupted while presenting—twice!,My system froze while I was submitting the final project., Filled in attendance and listened to the lecture.,yes,,,
8/2/2025 21:04:38,"""Completed my thesis presentation, and the panel said it was outstanding!""","""My name was left out from the graduation photo frame list by mistake.""","""The network was down during my online final-year interview!""","""What if I fail to complete all the credit requirements on time?""","Woke up, did some reading, responded to project emails, nothing major.""",yes,,,
8/2/2025 21:05:08,Lab experiment worked perfectly on the first try—rare achievement!,I missed class and now I’m totally lost on the topic.,Didn’t get marks for my idea because I didn’t write it “properly.”,I was the last one to be called in for the viva—so much pressure!,Rewatched yesterday’s class. Just average content.,yes,,,
8/2/2025 21:10:23," ""My group was selected as the best project in the department!"""," ""Watched my junior batch perform better than me. Feeling behind.""","""Lecturer asked for changes a night before the final submission!""","""What if I fail to complete all the credit requirements on time?""","""The lab was open today, so I just sat and coded for hours.""",yes,,,
8/2/2025 21:11:43,"""Had a peaceful evening journaling after a chaotic week.""","""My parents were expecting more from my final semester grades.""","""University admin misplaced my fee receipt and blamed me!"""," ""I don’t know what’s next after this degree. I feel lost."""," ""Printed project files, met the supervisor, walked home quietly.""",yes,,,
8/2/2025 21:11:53,Lab experiment worked perfectly on the first try—rare achievement!,I missed class and now I’m totally lost on the topic.,Didn’t get marks for my idea because I didn’t write it “properly.”, I was the last one to be called in for the viva—so much pressure!,Rewatched yesterday’s class. Just average content.,yes,,,
8/2/2025 21:17:36,"""My professor said I could publish my project as a research paper!""","""Everyone’s celebrating and I still haven’t found a job yet.""","""Had to repeat the same documentation three times due to unclear instructions!""","""Don’t know how I’ll manage job hunting, project work, and exams all at once.""","""Had a normal day—revised some notes, cleaned my room, took a nap.""",yes,,,
8/2/2025 21:19:02," ""Finally ticked off every course in my degree checklist—relief!""","""Missed the project deadline due to a health issue. I feel helpless.""","""We were marked late even though we submitted on time!""","""Waiting for the final review feedback—if it’s negative, I’ll have to redo it all."""," ""Attended project meetings and helped a junior with their assignments.""",yes,,,
8/2/2025 21:20:02,"""Surprised my friends with a small party after submission day!""","""Our farewell got cancelled because of unexpected campus restrictions.""","""The lab assistant shut the lab early without warning us. Lost all unsaved work!""","""My peers are getting offers and I’m still trying to figure out what I want.""","""Just another day of sitting in the library with a laptop and coffee.""",yes,,,
8/2/2025 21:21:02,"Got my first freelance client thanks to a portfolio I created last month.""","""A close friend and I drifted apart in our final semester.""","""Another mandatory session scheduled during our final project prep!""","""Presenting in front of industry experts tomorrow. Heart’s racing already.""","""Woke up late, missed breakfast, worked on documentation, scrolled endlessly.""",yes,,,
8/2/2025 21:23:03,"""My team nailed the hackathon—it felt like all the sleepless nights paid off.""","""Wasn’t able to complete my final project the way I envisioned it.""","""Supervisor ignored our emails for weeks and blamed us for delays!""","""What if I leave university and never see my closest friends again?""","""Day passed with nothing significant. Same schedule, different date.""",yes,,,
8/2/2025 21:25:15,"""Finally got positive feedback from the supervisor after weeks of critique!"""," ""Had to spend my birthday working on a report in the library alone."""," ""All my hard work was dismissed because of a formatting issue!"""," ""Waiting for the viva results feels like torture—I keep overthinking.""","""Revised some topics, had coffee with a friend, came back home—nothing much.""",yes,,,
8/2/2025 21:26:15,"""Had a peaceful weekend getaway before the final hustle begins."""," ""Class photo day was rescheduled and I couldn’t make it."""," ""We weren't informed about the syllabus change until the night before the exam!"""," ""Not sure I’ll be able to complete all project corrections in time.""","""Cleaned my room, recharged devices, updated task lists—just maintenance mode.""",yes,,,
8/2/2025 21:27:14,"""Bumped into an old friend on campus and laughed like nothing changed.""","""Gave it my best, but still couldn’t reach the selection round.""","""Someone took credit for my part in the group project during the review!"""," ""The thought of saying goodbye to this campus is haunting me already.""","""Woke up, stared at my screen for hours, did the minimum work required.""",yes,,,